Gene_mouse,Gene_human,orthology_type,orthology_confidence
1110002E22RIK,C4orf54,ortholog_one2one,1
2310061I04RIK,C6orf136,ortholog_one2one,0
3425401B19RIK,C10orf71,ortholog_one2one,1
5031439G07RIK,KIAA0930,ortholog_one2one,1
9330159F19RIK,KIAA0408,ortholog_one2one,1
A1CF,A1CF,ortholog_one2one,1
A2M,A2M,ortholog_one2one,1
AW551984,VWA5A,ortholog_one2many,1
AACS,AACS,ortholog_one2one,1
AADAC,AADAC,ortholog_one2one,1
AAGAB,AAGAB,ortholog_one2one,1
AAK1,AAK1,ortholog_one2one,1
AAMDC,AAMDC,ortholog_one2one,1
AAMP,AAMP,ortholog_one2one,1
AARS2,AARS2,ortholog_one2one,1
AARSD1,AARSD1,ortholog_one2one,1
AASDHPPT,AASDHPPT,ortholog_one2one,1
AASS,AASS,ortholog_one2one,1
AATK,AATK,ortholog_one2one,1
ABAT,ABAT,ortholog_one2one,1
ABCA1,ABCA1,ortholog_one2one,1
ABCA13,ABCA13,ortholog_one2one,1
ABCA2,ABCA2,ortholog_one2one,1
ABCA3,ABCA3,ortholog_one2one,1
ABCA5,ABCA5,ortholog_one2one,1
ABCA6,ABCA6,ortholog_one2one,1
ABCA8B,ABCA8,ortholog_one2one,1
ABCA9,ABCA9,ortholog_one2one,1
ABCB10,ABCB10,ortholog_one2one,1
ABCB11,ABCB11,ortholog_one2one,1
ABCB1A,ABCB1,ortholog_one2many,1
ABCB1B,ABCB1,ortholog_one2many,1
ABCB4,ABCB4,ortholog_one2one,1
ABCB6,ABCB6,ortholog_one2one,1
ABCB8,ABCB8,ortholog_one2one,1
ABCB9,ABCB9,ortholog_one2one,1
ABCC1,ABCC1,ortholog_one2one,1
ABCC10,ABCC10,ortholog_one2one,1
ABCC2,ABCC2,ortholog_one2one,1
ABCC3,ABCC3,ortholog_one2one,1
ABCC4,ABCC4,ortholog_one2one,1
ABCC6,ABCC6,ortholog_one2one,1
ABCC8,ABCC8,ortholog_one2one,1
ABCC9,ABCC9,ortholog_one2one,1
ABCD1,ABCD1,ortholog_one2one,1
ABCD2,ABCD2,ortholog_one2one,1
ABCD3,ABCD3,ortholog_one2one,1
ABCD4,ABCD4,ortholog_one2one,1
ABCE1,ABCE1,ortholog_one2one,1
ABCF1,ABCF1,ortholog_one2one,1
ABCF2,ABCF2,ortholog_one2one,1
ABCF3,ABCF3,ortholog_one2one,1
ABCG1,ABCG1,ortholog_one2one,1
ABCG3,ABCG2,ortholog_one2one,0
ABCG4,ABCG4,ortholog_one2one,1
ABHD10,ABHD10,ortholog_one2one,1
ABHD12,ABHD12,ortholog_one2one,1
ABHD14B,ABHD14B,ortholog_one2one,1
ABHD15,ABHD15,ortholog_one2one,1
ABHD16A,ABHD16A,ortholog_one2one,1
ABHD17A,ABHD17A,ortholog_one2one,1
ABHD17B,ABHD17B,ortholog_one2one,1
ABHD17C,ABHD17C,ortholog_one2one,1
ABHD2,ABHD2,ortholog_one2one,1
ABHD4,ABHD4,ortholog_one2one,1
ABHD5,ABHD5,ortholog_one2one,1
ABHD6,ABHD6,ortholog_one2one,1
ABI1,ABI1,ortholog_one2one,1
ABI2,ABI2,ortholog_one2one,1
ABI3,ABI3,ortholog_one2one,1
ABI3BP,ABI3BP,ortholog_one2one,1
ABL1,ABL1,ortholog_one2one,1
ABL2,ABL2,ortholog_one2one,1
ABLIM1,ABLIM1,ortholog_one2one,1
ABLIM2,ABLIM2,ortholog_one2one,1
ABLIM3,ABLIM3,ortholog_one2one,1
ABR,ABR,ortholog_one2one,1
ABRA,ABRA,ortholog_one2one,1
ABTB2,ABTB2,ortholog_one2one,1
ACAA1A,ACAA1,ortholog_one2many,0
ACAA1B,ACAA1,ortholog_one2many,1
ACAA2,ACAA2,ortholog_one2one,1
ACACA,ACACA,ortholog_one2one,1
ACACB,ACACB,ortholog_one2one,1
ACAD10,ACAD10,ortholog_one2many,1
ACAD11,ACAD11,ortholog_one2one,1
ACAD12,ACAD10,ortholog_one2many,0
ACAD8,ACAD8,ortholog_one2one,1
ACAD9,ACAD9,ortholog_one2one,1
ACADL,ACADL,ortholog_one2one,1
ACADS,ACADS,ortholog_one2one,1
ACADSB,ACADSB,ortholog_one2one,1
ACADVL,ACADVL,ortholog_one2one,1
ACAN,ACAN,ortholog_one2one,1
ACAP1,ACAP1,ortholog_one2one,1
ACAP2,ACAP2,ortholog_one2one,1
ACAP3,ACAP3,ortholog_one2one,1
ACAT1,ACAT1,ortholog_one2one,1
ACAT2,ACAT2,ortholog_one2many,1
ACAT3,ACAT2,ortholog_one2many,1
ACBD4,ACBD4,ortholog_one2one,1
ACBD5,ACBD5,ortholog_one2one,1
ACBD6,ACBD6,ortholog_one2one,1
ACCS,ACCS,ortholog_one2one,1
ACD,ACD,ortholog_one2one,1
ACE,ACE,ortholog_one2one,1
ACHE,ACHE,ortholog_one2one,1
ACIN1,ACIN1,ortholog_one2one,1
ACLY,ACLY,ortholog_one2one,1
ACMSD,ACMSD,ortholog_one2one,1
ACO1,ACO1,ortholog_one2one,1
ACO2,ACO2,ortholog_one2one,1
ACOT1,ACOT1,ortholog_many2many,1
ACOT1,ACOT2,ortholog_many2many,1
ACOT10,ACOT9,ortholog_one2many,0
ACOT11,ACOT11,ortholog_one2one,1
ACOT12,ACOT12,ortholog_one2one,1
ACOT13,ACOT13,ortholog_one2one,1
ACOT4,ACOT4,ortholog_one2one,1
ACOT6,ACOT6,ortholog_one2one,1
ACOT7,ACOT7,ortholog_one2one,1
ACOT8,ACOT8,ortholog_one2one,1
ACOX1,ACOX1,ortholog_one2one,1
ACOX2,ACOX2,ortholog_one2one,1
ACOX3,ACOX3,ortholog_one2one,1
ACOXL,ACOXL,ortholog_one2one,1
ACP1,ACP1,ortholog_one2one,1
ACP2,ACP2,ortholog_one2one,1
ACP6,ACP6,ortholog_one2one,1
ACSBG1,ACSBG1,ortholog_one2one,1
ACSBG2,ACSBG2,ortholog_one2one,1
ACSF2,ACSF2,ortholog_one2one,1
ACSL1,ACSL1,ortholog_one2one,1
ACSL3,ACSL3,ortholog_one2one,1
ACSL4,ACSL4,ortholog_one2one,1
ACSL5,ACSL5,ortholog_one2one,1
ACSL6,ACSL6,ortholog_one2one,1
ACSM1,ACSM1,ortholog_one2one,1
ACSM2,ACSM2A,ortholog_many2many,1
ACSM2,ACSM2B,ortholog_many2many,1
ACSM3,ACSM3,ortholog_one2one,1
ACSM5,ACSM5,ortholog_one2one,1
ACSS1,ACSS1,ortholog_one2one,1
ACSS2,ACSS2,ortholog_one2one,1
ACSS3,ACSS3,ortholog_one2one,1
ACTA2,ACTA2,ortholog_one2one,1
ACTB,ACTB,ortholog_one2one,1
ACTBL2,ACTBL2,ortholog_one2one,1
ACTL6A,ACTL6A,ortholog_one2one,1
ACTL6B,ACTL6B,ortholog_one2one,1
ACTL7A,ACTL7A,ortholog_one2one,1
ACTN1,ACTN1,ortholog_one2one,1
ACTN2,ACTN2,ortholog_one2one,1
ACTN3,ACTN3,ortholog_one2one,1
ACTN4,ACTN4,ortholog_one2one,1
ACTR10,ACTR10,ortholog_one2one,1
ACTR1A,ACTR1A,ortholog_one2one,1
ACTR2,ACTR2,ortholog_one2one,1
ACTR3,ACTR3,ortholog_one2one,1
ACTR3B,ACTR3B,ortholog_one2many,1
ACTR3B,ACTR3C,ortholog_one2many,0
ACTR5,ACTR5,ortholog_one2one,1
ACTR8,ACTR8,ortholog_one2one,1
ACVR1B,ACVR1B,ortholog_one2one,1
ACVR1C,ACVR1C,ortholog_one2one,1
ACVRL1,ACVRL1,ortholog_one2one,1
ACY1,ACY1,ortholog_one2one,1
ACY3,ACY3,ortholog_one2one,1
ACYP2,ACYP2,ortholog_one2one,1
ADA,ADA,ortholog_one2one,1
ADAM10,ADAM10,ortholog_one2one,1
ADAM11,ADAM11,ortholog_one2one,1
ADAM15,ADAM15,ortholog_one2one,1
ADAM22,ADAM22,ortholog_one2one,1
ADAM23,ADAM23,ortholog_one2one,1
ADAM28,ADAM28,ortholog_one2one,1
ADAM7,ADAM7,ortholog_one2one,1
ADAMTSL4,ADAMTSL4,ortholog_one2one,1
ADAP1,ADAP1,ortholog_one2one,1
ADAP2,ADAP2,ortholog_one2one,1
ADAR,ADAR,ortholog_one2one,1
ADARB1,ADARB1,ortholog_one2one,1
ADAT1,ADAT1,ortholog_one2one,1
ADAT2,ADAT2,ortholog_one2one,1
ADAT3,ADAT3,ortholog_one2many,1
ADCK1,ADCK1,ortholog_one2one,1
ADCK5,ADCK5,ortholog_one2one,1
ADCY1,ADCY1,ortholog_one2one,1
ADCY2,ADCY2,ortholog_one2one,1
ADCY4,ADCY4,ortholog_one2one,1
ADCY5,ADCY5,ortholog_one2one,1
ADCY6,ADCY6,ortholog_one2one,1
ADCY8,ADCY8,ortholog_one2one,1
ADCY9,ADCY9,ortholog_one2one,1
ADD1,ADD1,ortholog_one2one,1
ADD2,ADD2,ortholog_one2one,1
ADD3,ADD3,ortholog_one2one,1
ADH1,ADH1A,ortholog_one2many,1
ADH1,ADH1B,ortholog_one2many,1
ADH1,ADH1C,ortholog_one2many,1
ADH4,ADH4,ortholog_one2one,1
ADH5,ADH5,ortholog_one2one,1
ADH7,ADH7,ortholog_one2one,1
ADHFE1,ADHFE1,ortholog_one2one,1
ADI1,ADI1,ortholog_one2one,1
ADIPOR1,ADIPOR1,ortholog_one2one,1
ADIPOR2,ADIPOR2,ortholog_one2one,1
ADK,ADK,ortholog_one2one,1
ADM,ADM,ortholog_one2one,1
ADNP,ADNP,ortholog_one2one,1
ADO,ADO,ortholog_one2one,1
ADPGK,ADPGK,ortholog_one2one,1
ADPRH,ADPRH,ortholog_one2one,1
ADPRHL1,ADPRHL1,ortholog_one2one,0
ADRB2,ADRB2,ortholog_one2one,1
ADRB3,ADRB3,ortholog_one2one,1
ADRM1,ADRM1,ortholog_one2many,1
ADSL,ADSL,ortholog_one2one,1
AFAP1,AFAP1,ortholog_one2one,1
AFAP1L1,AFAP1L1,ortholog_one2one,1
AFAP1L2,AFAP1L2,ortholog_one2one,1
AFF1,AFF1,ortholog_one2one,1
AFG3L2,AFG3L2,ortholog_one2one,1
AFTPH,AFTPH,ortholog_one2one,1
AGA,AGA,ortholog_one2one,1
AGAP1,AGAP1,ortholog_one2one,1
AGAP2,AGAP2,ortholog_one2one,1
AGAP3,AGAP3,ortholog_one2one,1
AGER,AGER,ortholog_one2one,1
AGFG1,AGFG1,ortholog_one2one,1
AGFG2,AGFG2,ortholog_one2one,1
AGK,AGK,ortholog_one2one,1
AGL,AGL,ortholog_one2one,1
AGMAT,AGMAT,ortholog_one2one,1
AGMO,AGMO,ortholog_one2one,1
AGO1,AGO1,ortholog_one2one,1
AGO2,AGO2,ortholog_one2one,1
AGO3,AGO3,ortholog_one2one,1
AGO4,AGO4,ortholog_one2one,1
AGPAT1,AGPAT1,ortholog_one2one,1
AGPAT2,AGPAT2,ortholog_one2one,1
AGPAT3,AGPAT3,ortholog_one2one,1
AGPAT4,AGPAT4,ortholog_one2one,1
AGPAT5,AGPAT5,ortholog_one2one,1
AGPS,AGPS,ortholog_one2one,1
AGRN,AGRN,ortholog_one2one,1
AGT,AGT,ortholog_one2one,1
AGTPBP1,AGTPBP1,ortholog_one2one,1
AGXT,AGXT,ortholog_one2one,1
AGXT2,AGXT2,ortholog_one2one,1
AHCTF1,AHCTF1,ortholog_one2one,1
AHCY,AHCY,ortholog_one2many,1
AHCYL1,AHCYL1,ortholog_one2one,1
AHCYL2,AHCYL2,ortholog_one2one,1
AHDC1,AHDC1,ortholog_one2one,1
AHI1,AHI1,ortholog_one2one,1
AHNAK,AHNAK,ortholog_one2one,1
AHNAK2,AHNAK2,ortholog_one2one,0
AHR,AHR,ortholog_one2one,1
AHSA1,AHSA1,ortholog_one2one,1
AHSG,AHSG,ortholog_one2one,1
AIDA,AIDA,ortholog_one2one,1
AIF1L,AIF1L,ortholog_one2one,1
AIFM1,AIFM1,ortholog_one2one,1
AIFM2,AIFM2,ortholog_one2one,1
AIFM3,AIFM3,ortholog_one2one,1
AIM2,AIM2,ortholog_one2one,1
AIMP1,AIMP1,ortholog_one2one,1
AIMP2,AIMP2,ortholog_one2one,1
AIP,AIP,ortholog_one2one,1
AJAP1,AJAP1,ortholog_one2one,1
AK1,AK1,ortholog_one2one,1
AK2,AK2,ortholog_one2one,1
AK3,AK3,ortholog_one2one,1
AK4,AK4,ortholog_one2many,1
AK4,AK4P3,ortholog_one2many,0
AK5,AK5,ortholog_one2one,1
AK6,TAF9,ortholog_one2many,1
AK7,AK7,ortholog_one2one,1
AK8,AK8,ortholog_one2one,1
AKAP1,AKAP1,ortholog_one2one,1
AKAP10,AKAP10,ortholog_one2one,1
AKAP11,AKAP11,ortholog_one2one,1
AKAP12,AKAP12,ortholog_one2one,1
AKAP13,AKAP13,ortholog_one2one,1
AKAP3,AKAP3,ortholog_one2one,1
AKAP4,AKAP4,ortholog_one2one,1
AKAP6,AKAP6,ortholog_one2one,1
AKAP8,AKAP8,ortholog_one2one,1
AKAP8L,AKAP8L,ortholog_one2one,1
AKAP9,AKAP9,ortholog_one2one,1
AKR1A1,AKR1A1,ortholog_one2one,1
AKR1B1,AKR1B1,ortholog_one2one,1
AKR1B10,AKR1B10,ortholog_one2many,1
AKR1B7,AKR1B10,ortholog_one2many,1
AKR1B8,AKR1B10,ortholog_one2many,1
AKR1D1,AKR1D1,ortholog_one2one,1
AKT1,AKT1,ortholog_one2one,1
AKT1S1,AKT1S1,ortholog_one2one,1
AKT2,AKT2,ortholog_one2one,1
AKTIP,AKTIP,ortholog_one2one,1
ALAD,ALAD,ortholog_one2one,1
ALAS1,ALAS1,ortholog_one2one,1
ALAS2,ALAS2,ortholog_one2one,1
ALB,ALB,ortholog_one2one,1
ALCAM,ALCAM,ortholog_one2one,1
ALDH16A1,ALDH16A1,ortholog_one2one,1
ALDH18A1,ALDH18A1,ortholog_one2one,1
ALDH1A1,ALDH1A1,ortholog_one2many,1
ALDH1A3,ALDH1A3,ortholog_one2one,1
ALDH1A7,ALDH1A1,ortholog_one2many,0
ALDH1B1,ALDH1B1,ortholog_one2one,1
ALDH1L1,ALDH1L1,ortholog_one2one,1
ALDH1L2,ALDH1L2,ortholog_one2one,1
ALDH2,ALDH2,ortholog_one2one,1
ALDH3A1,ALDH3A1,ortholog_one2one,1
ALDH3A2,ALDH3A2,ortholog_one2one,1
ALDH3B1,ALDH3B1,ortholog_one2one,1
ALDH4A1,ALDH4A1,ortholog_one2one,1
ALDH5A1,ALDH5A1,ortholog_one2one,1
ALDH6A1,ALDH6A1,ortholog_one2one,1
ALDH7A1,ALDH7A1,ortholog_one2one,1
ALDH8A1,ALDH8A1,ortholog_one2one,1
ALDH9A1,ALDH9A1,ortholog_many2many,1
ALDOA,ALDOA,ortholog_one2many,1
ALDOART1,ALDOA,ortholog_one2many,0
ALDOART2,ALDOA,ortholog_one2many,0
ALDOB,ALDOB,ortholog_one2one,1
ALDOC,ALDOC,ortholog_one2one,1
ALG1,ALG1,ortholog_one2many,1
ALG1,ALG1L2,ortholog_one2many,0
ALG10B,ALG10,ortholog_one2many,1
ALG10B,ALG10B,ortholog_one2many,1
ALG11,ALG11,ortholog_one2one,1
ALG12,ALG12,ortholog_one2one,1
ALG13,ALG13,ortholog_one2one,1
ALG2,ALG2,ortholog_one2one,1
ALG5,ALG5,ortholog_one2one,1
ALG6,ALG6,ortholog_one2one,1
ALG8,ALG8,ortholog_one2one,1
ALKBH3,ALKBH3,ortholog_one2one,1
ALKBH5,ALKBH5,ortholog_one2one,1
ALKBH7,ALKBH7,ortholog_one2one,1
ALKBH8,ALKBH8,ortholog_one2one,1
ALOX12,ALOX12,ortholog_one2one,1
ALOX15,ALOX15,ortholog_one2one,1
ALOX5,ALOX5,ortholog_one2one,1
ALPK2,ALPK2,ortholog_one2one,1
ALPK3,ALPK3,ortholog_one2one,1
ALPL,ALPL,ortholog_one2one,1
ALS2,ALS2,ortholog_one2one,1
ALS2CL,ALS2CL,ortholog_one2one,1
AMBP,AMBP,ortholog_one2one,1
AMD1,AMD1,ortholog_one2many,1
AMDHD1,AMDHD1,ortholog_one2one,1
AMDHD2,AMDHD2,ortholog_one2one,1
AMER2,AMER2,ortholog_one2one,1
AMN,AMN,ortholog_one2one,1
AMN1,AMN1,ortholog_one2one,1
AMOTL1,AMOTL1,ortholog_one2one,1
AMOTL2,AMOTL2,ortholog_one2one,1
AMPD1,AMPD1,ortholog_one2one,1
AMPD2,AMPD2,ortholog_one2one,1
AMPD3,AMPD3,ortholog_one2one,1
AMPH,AMPH,ortholog_one2one,1
AMT,AMT,ortholog_one2one,1
ANAPC1,ANAPC1,ortholog_one2one,1
ANAPC2,ANAPC2,ortholog_one2one,1
ANAPC4,ANAPC4,ortholog_one2one,1
ANAPC5,ANAPC5,ortholog_one2one,1
ANAPC7,ANAPC7,ortholog_one2one,1
ANG,ANG,ortholog_one2many,1
ANGEL2,ANGEL2,ortholog_one2one,1
ANK1,ANK1,ortholog_one2one,1
ANK2,ANK2,ortholog_one2one,1
ANK3,ANK3,ortholog_one2one,0
ANKFN1,ANKFN1,ortholog_one2one,1
ANKFY1,ANKFY1,ortholog_one2one,1
ANKHD1,ANKHD1,ortholog_one2one,1
ANKIB1,ANKIB1,ortholog_one2one,1
ANKLE2,ANKLE2,ortholog_one2one,1
ANKMY2,ANKMY2,ortholog_one2one,1
ANKRD1,ANKRD1,ortholog_one2one,1
ANKRD13A,ANKRD13A,ortholog_one2one,1
ANKRD13C,ANKRD13C,ortholog_one2one,1
ANKRD17,ANKRD17,ortholog_one2one,1
ANKRD2,ANKRD2,ortholog_one2one,1
ANKRD27,ANKRD27,ortholog_one2one,1
ANKRD28,ANKRD28,ortholog_one2one,1
ANKRD29,ANKRD29,ortholog_one2one,1
ANKRD34A,ANKRD34A,ortholog_one2one,1
ANKRD34B,ANKRD34B,ortholog_one2one,1
ANKRD40,ANKRD40,ortholog_one2one,1
ANKRD44,ANKRD44,ortholog_one2one,1
ANKRD46,ANKRD46,ortholog_one2one,1
ANKRD50,ANKRD50,ortholog_one2one,0
ANKRD52,ANKRD52,ortholog_one2one,1
ANKRD54,ANKRD54,ortholog_one2one,1
ANKRD63,ANKRD63,ortholog_one2one,1
ANKS1B,ANKS1B,ortholog_one2one,1
ANKS4B,ANKS4B,ortholog_one2one,1
ANLN,ANLN,ortholog_one2one,1
ANO1,ANO1,ortholog_one2one,1
ANO10,ANO10,ortholog_one2one,1
ANO3,ANO3,ortholog_one2one,1
ANO6,ANO6,ortholog_one2one,1
ANO8,ANO8,ortholog_one2one,1
ANP32A,ANP32A,ortholog_one2many,1
ANP32A,ANP32D,ortholog_one2many,0
ANP32B,ANP32B,ortholog_one2one,1
ANP32E,ANP32E,ortholog_one2one,1
ANPEP,ANPEP,ortholog_one2one,1
ANTXR1,ANTXR1,ortholog_one2one,1
ANTXR2,ANTXR2,ortholog_one2one,1
ANXA1,ANXA1,ortholog_one2one,1
ANXA11,ANXA11,ortholog_one2one,1
ANXA13,ANXA13,ortholog_one2one,1
ANXA2,ANXA2,ortholog_one2one,1
ANXA3,ANXA3,ortholog_one2one,1
ANXA4,ANXA4,ortholog_one2one,1
ANXA5,ANXA5,ortholog_one2one,1
ANXA6,ANXA6,ortholog_one2one,1
ANXA7,ANXA7,ortholog_one2one,1
ANXA8,ANXA8,ortholog_one2many,1
ANXA8,ANXA8L1,ortholog_one2many,1
ANXA9,ANXA9,ortholog_one2one,1
AOC3,AOC3,ortholog_one2one,1
AOX1,AOX1,ortholog_one2one,1
AP1AR,AP1AR,ortholog_one2one,1
AP1B1,AP1B1,ortholog_one2one,1
AP1G1,AP1G1,ortholog_one2one,1
AP1G2,AP1G2,ortholog_one2one,1
AP1M1,AP1M1,ortholog_one2one,1
AP1M2,AP1M2,ortholog_one2one,1
AP1S1,AP1S1,ortholog_one2one,1
AP2A1,AP2A1,ortholog_one2one,1
AP2A2,AP2A2,ortholog_one2one,1
AP2B1,AP2B1,ortholog_one2one,1
AP2M1,AP2M1,ortholog_one2one,1
AP3B1,AP3B1,ortholog_one2one,1
AP3B2,AP3B2,ortholog_one2one,1
AP3D1,AP3D1,ortholog_one2one,1
AP3M1,AP3M1,ortholog_one2one,1
AP3M2,AP3M2,ortholog_one2one,1
AP3S1,AP3S1,ortholog_one2one,1
AP3S2,AP3S2,ortholog_one2one,1
AP4B1,AP4B1,ortholog_one2one,1
AP4E1,AP4E1,ortholog_one2one,1
AP4M1,AP4M1,ortholog_one2one,1
AP4S1,AP4S1,ortholog_one2one,1
AP5B1,AP5B1,ortholog_one2one,1
AP5M1,AP5M1,ortholog_one2one,1
AP5Z1,AP5Z1,ortholog_one2one,1
APAF1,APAF1,ortholog_one2one,1
APBA2,APBA2,ortholog_one2one,1
APBB1,APBB1,ortholog_one2one,1
APBB1IP,APBB1IP,ortholog_one2one,1
APBB2,APBB2,ortholog_one2one,1
APC,APC,ortholog_one2one,1
APC2,APC2,ortholog_one2one,1
APEH,APEH,ortholog_one2one,1
APEX1,APEX1,ortholog_one2one,1
API5,API5,ortholog_one2one,1
APIP,APIP,ortholog_one2one,1
APLP2,APLP2,ortholog_one2one,1
APMAP,APMAP,ortholog_one2one,1
APOA5,APOA5,ortholog_one2one,1
APOB,APOB,ortholog_one2one,1
APOBEC2,APOBEC2,ortholog_one2one,1
APOBEC3,APOBEC3H,ortholog_one2one,0
APOC4,APOC4,ortholog_one2one,1
APOD,APOD,ortholog_one2one,1
APOH,APOH,ortholog_one2one,1
APOM,APOM,ortholog_one2one,1
APOOL,APOOL,ortholog_one2one,1
APPL1,APPL1,ortholog_one2one,1
APPL2,APPL2,ortholog_one2one,1
AQP11,AQP11,ortholog_one2one,1
AQP3,AQP3,ortholog_one2one,1
AQP5,AQP5,ortholog_one2one,1
AQR,AQR,ortholog_one2one,1
AR,AR,ortholog_one2one,1
ARAF,ARAF,ortholog_one2one,1
ARAP1,ARAP1,ortholog_one2one,1
ARAP2,ARAP2,ortholog_one2one,1
ARAP3,ARAP3,ortholog_one2one,1
ARCN1,ARCN1,ortholog_one2one,1
ARF4,ARF4,ortholog_one2one,1
ARF6,ARF6,ortholog_one2one,1
ARFGAP1,ARFGAP1,ortholog_one2one,1
ARFGAP2,ARFGAP2,ortholog_one2one,1
ARFGAP3,ARFGAP3,ortholog_one2one,1
ARFGEF1,ARFGEF1,ortholog_one2one,1
ARFGEF2,ARFGEF2,ortholog_one2one,1
ARFGEF3,ARFGEF3,ortholog_one2one,1
ARFIP1,ARFIP1,ortholog_one2one,1
ARFRP1,ARFRP1,ortholog_one2one,1
ARG1,ARG1,ortholog_one2one,1
ARHGAP1,ARHGAP1,ortholog_one2one,1
ARHGAP10,ARHGAP10,ortholog_one2one,1
ARHGAP12,ARHGAP12,ortholog_one2one,1
ARHGAP15,ARHGAP15,ortholog_one2one,1
ARHGAP17,ARHGAP17,ortholog_one2one,1
ARHGAP18,ARHGAP18,ortholog_one2one,1
ARHGAP21,ARHGAP21,ortholog_one2one,1
ARHGAP22,ARHGAP22,ortholog_one2one,1
ARHGAP23,ARHGAP23,ortholog_one2one,1
ARHGAP24,ARHGAP24,ortholog_one2one,1
ARHGAP25,ARHGAP25,ortholog_one2one,1
ARHGAP26,ARHGAP26,ortholog_one2one,1
ARHGAP27,ARHGAP27,ortholog_one2one,1
ARHGAP29,ARHGAP29,ortholog_one2one,1
ARHGAP30,ARHGAP30,ortholog_one2one,1
ARHGAP31,ARHGAP31,ortholog_one2one,1
ARHGAP32,ARHGAP32,ortholog_one2one,1
ARHGAP33,ARHGAP33,ortholog_one2one,1
ARHGAP35,ARHGAP35,ortholog_one2one,1
ARHGAP39,ARHGAP39,ortholog_one2one,1
ARHGAP4,ARHGAP4,ortholog_one2one,1
ARHGAP42,ARHGAP42,ortholog_one2one,1
ARHGAP44,ARHGAP44,ortholog_one2one,1
ARHGAP5,ARHGAP5,ortholog_one2one,1
ARHGAP6,ARHGAP6,ortholog_one2one,1
ARHGAP9,ARHGAP9,ortholog_one2one,1
ARHGEF1,ARHGEF1,ortholog_one2one,1
ARHGEF10,ARHGEF10,ortholog_one2one,1
ARHGEF10L,ARHGEF10L,ortholog_one2one,1
ARHGEF11,ARHGEF11,ortholog_one2one,1
ARHGEF12,ARHGEF12,ortholog_one2one,1
ARHGEF15,ARHGEF15,ortholog_one2one,1
ARHGEF17,ARHGEF17,ortholog_one2one,1
ARHGEF18,ARHGEF18,ortholog_one2one,1
ARHGEF2,ARHGEF2,ortholog_one2one,1
ARHGEF25,ARHGEF25,ortholog_one2one,1
ARHGEF26,ARHGEF26,ortholog_one2one,1
ARHGEF28,ARHGEF28,ortholog_one2one,1
ARHGEF38,ARHGEF38,ortholog_one2one,1
ARHGEF40,ARHGEF40,ortholog_one2one,1
ARHGEF6,ARHGEF6,ortholog_one2one,1
ARHGEF7,ARHGEF7,ortholog_one2one,1
ARHGEF9,ARHGEF9,ortholog_one2one,1
ARID1A,ARID1A,ortholog_one2one,1
ARID1B,ARID1B,ortholog_one2one,1
ARID2,ARID2,ortholog_one2one,1
ARID3A,ARID3A,ortholog_one2one,1
ARID4A,ARID4A,ortholog_one2one,1
ARID4B,ARID4B,ortholog_one2one,1
ARIH1,ARIH1,ortholog_one2one,1
ARIH2,ARIH2,ortholog_one2one,1
ARL14EP,ARL14EP,ortholog_one2one,1
ARL15,ARL15,ortholog_one2one,1
ARL2,ARL2,ortholog_one2one,1
ARL3,ARL3,ortholog_one2one,1
ARL4C,ARL4C,ortholog_one2one,1
ARL5A,ARL5A,ortholog_one2one,1
ARL6,ARL6,ortholog_one2one,1
ARL6IP1,ARL6IP1,ortholog_one2one,1
ARL6IP6,ARL6IP6,ortholog_one2one,1
ARMC1,ARMC1,ortholog_one2one,1
ARMC10,ARMC10,ortholog_one2one,1
ARMC6,ARMC6,ortholog_one2one,1
ARMC7,ARMC7,ortholog_one2one,1
ARMC8,ARMC8,ortholog_one2one,1
ARMCX2,ARMCX2,ortholog_one2one,1
ARMCX3,ARMCX3,ortholog_one2one,1
ARNT,ARNT,ortholog_one2one,1
ARNT2,ARNT2,ortholog_one2one,1
ARPC1A,ARPC1A,ortholog_one2one,1
ARPC1B,ARPC1B,ortholog_one2many,1
ARPC2,ARPC2,ortholog_one2one,1
ARPC3,ARPC3,ortholog_one2one,1
ARPC4,ARPC4,ortholog_one2one,1
ARPC5,ARPC5,ortholog_one2one,1
ARPC5L,ARPC5L,ortholog_one2one,1
ARPIN,ARPIN,ortholog_one2one,1
ARPP21,ARPP21,ortholog_one2one,1
ARRB1,ARRB1,ortholog_one2one,1
ARRB2,ARRB2,ortholog_one2one,1
ARSA,ARSA,ortholog_one2one,1
ARVCF,ARVCF,ortholog_one2one,1
AS3MT,AS3MT,ortholog_one2one,1
ASAH1,ASAH1,ortholog_one2one,1
ASAH2,ASAH2,ortholog_one2many,1
ASAH2,ASAH2B,ortholog_one2many,0
ASAP1,ASAP1,ortholog_one2one,1
ASAP2,ASAP2,ortholog_one2one,1
ASB11,ASB11,ortholog_one2one,1
ASB13,ASB13,ortholog_one2one,1
ASB2,ASB2,ortholog_one2one,1
ASB9,ASB9,ortholog_one2one,1
ASCC3,ASCC3,ortholog_one2one,1
ASGR1,ASGR1,ortholog_one2one,1
ASH2L,ASH2L,ortholog_one2one,1
ASIC1,ASIC1,ortholog_one2one,1
ASL,ASL,ortholog_one2one,1
ASNS,ASNS,ortholog_one2one,1
ASPA,ASPA,ortholog_one2one,1
ASPDH,ASPDH,ortholog_one2one,1
ASPG,ASPG,ortholog_one2one,1
ASPH,ASPH,ortholog_one2one,1
ASPHD1,ASPHD1,ortholog_one2one,1
ASPHD2,ASPHD2,ortholog_one2one,1
ASPSCR1,ASPSCR1,ortholog_one2one,1
ASRGL1,ASRGL1,ortholog_one2one,1
ASS1,ASS1,ortholog_one2one,1
ASTN1,ASTN1,ortholog_one2one,1
ATAD1,ATAD1,ortholog_one2one,1
ATAD2B,ATAD2B,ortholog_one2one,1
ATAD5,ATAD5,ortholog_one2one,1
ATCAY,ATCAY,ortholog_one2one,1
ATE1,ATE1,ortholog_one2one,1
ATF6,ATF6,ortholog_one2one,1
ATF7IP,ATF7IP,ortholog_one2one,1
ATG12,ATG12,ortholog_one2one,1
ATG16L1,ATG16L1,ortholog_one2one,1
ATG2A,ATG2A,ortholog_one2one,1
ATG2B,ATG2B,ortholog_one2one,1
ATG3,ATG3,ortholog_one2one,1
ATG4A,ATG4A,ortholog_one2many,1
ATG4B,ATG4B,ortholog_one2one,1
ATG4C,ATG4C,ortholog_one2one,1
ATG5,ATG5,ortholog_one2one,1
ATG7,ATG7,ortholog_one2one,1
ATG9A,ATG9A,ortholog_one2one,1
ATIC,ATIC,ortholog_one2one,1
ATL1,ATL1,ortholog_one2one,1
ATL2,ATL2,ortholog_one2one,1
ATL3,ATL3,ortholog_one2one,1
ATM,ATM,ortholog_one2one,1
ATP11A,ATP11A,ortholog_one2one,1
ATP11C,ATP11C,ortholog_one2one,1
ATP13A1,ATP13A1,ortholog_one2one,1
ATP13A2,ATP13A2,ortholog_one2one,1
ATP13A3,ATP13A3,ortholog_one2one,1
ATP1A1,ATP1A1,ortholog_one2one,1
ATP1A2,ATP1A2,ortholog_one2one,1
ATP1A3,ATP1A3,ortholog_one2one,1
ATP1A4,ATP1A4,ortholog_one2one,1
ATP1B1,ATP1B1,ortholog_one2one,1
ATP1B2,ATP1B2,ortholog_one2one,1
ATP1B3,ATP1B3,ortholog_one2one,1
ATP2A1,ATP2A1,ortholog_one2one,1
ATP2A2,ATP2A2,ortholog_one2one,1
ATP2A3,ATP2A3,ortholog_one2one,1
ATP2B1,ATP2B1,ortholog_one2one,1
ATP2B2,ATP2B2,ortholog_one2one,1
ATP2B3,ATP2B3,ortholog_one2one,1
ATP2B4,ATP2B4,ortholog_one2one,1
ATP2C1,ATP2C1,ortholog_one2one,1
ATP6V0A1,ATP6V0A1,ortholog_one2one,1
ATP6V0A2,ATP6V0A2,ortholog_one2one,1
ATP6V0A4,ATP6V0A4,ortholog_one2one,1
ATP6V0D1,ATP6V0D1,ortholog_one2one,1
ATP6V0D2,ATP6V0D2,ortholog_one2one,1
ATP6V1A,ATP6V1A,ortholog_one2one,1
ATP6V1B1,ATP6V1B1,ortholog_one2one,1
ATP6V1B2,ATP6V1B2,ortholog_one2one,1
ATP6V1C1,ATP6V1C1,ortholog_one2one,1
ATP6V1C2,ATP6V1C2,ortholog_one2one,1
ATP6V1G1,ATP6V1G1,ortholog_one2one,1
ATP6V1G2,ATP6V1G2,ortholog_one2one,1
ATP6V1G3,ATP6V1G3,ortholog_one2one,1
ATP6V1H,ATP6V1H,ortholog_one2one,1
ATP7B,ATP7B,ortholog_one2one,1
ATP8A1,ATP8A1,ortholog_one2one,1
ATP8A2,ATP8A2,ortholog_one2one,1
ATP9A,ATP9A,ortholog_one2one,1
ATP9B,ATP9B,ortholog_one2one,1
ATPAF2,ATPAF2,ortholog_one2one,1
ATR,ATR,ortholog_one2one,1
ATRX,ATRX,ortholog_one2one,1
ATXN10,ATXN10,ortholog_one2one,1
ATXN1L,ATXN1L,ortholog_one2one,1
ATXN2,ATXN2,ortholog_one2one,1
ATXN2L,ATXN2L,ortholog_one2one,1
ATXN3,ATXN3,ortholog_one2many,1
ATXN3,ATXN3L,ortholog_one2many,1
ATXN7L3B,ATXN7L3B,ortholog_one2one,1
AUH,AUH,ortholog_one2one,1
AUP1,AUP1,ortholog_one2one,1
AURKA,AURKA,ortholog_one2one,1
AVEN,AVEN,ortholog_one2one,1
AVL9,AVL9,ortholog_one2one,1
AXL,AXL,ortholog_one2one,1
AZGP1,AZGP1,ortholog_one2one,1
B3GALNT2,B3GALNT2,ortholog_one2one,1
B4GALT4,B4GALT4,ortholog_one2one,1
BAAT,BAAT,ortholog_one2one,1
BABAM1,BABAM1,ortholog_one2one,1
BACH1,BACH1,ortholog_one2one,1
BACH2,BACH2,ortholog_one2one,1
BAG1,BAG1,ortholog_one2one,1
BAG2,BAG2,ortholog_one2one,1
BAG3,BAG3,ortholog_one2one,1
BAG5,BAG5,ortholog_one2one,1
BAG6,BAG6,ortholog_one2one,1
BAHD1,BAHD1,ortholog_one2one,1
BAIAP2,BAIAP2,ortholog_one2one,1
BAIAP2L1,BAIAP2L1,ortholog_one2one,1
BAIAP3,BAIAP3,ortholog_one2one,1
BAK1,BAK1,ortholog_one2one,1
BANF1,BANF1,ortholog_one2one,1
BANK1,BANK1,ortholog_one2one,1
BANP,BANP,ortholog_one2one,1
BARX2,BARX2,ortholog_one2one,1
BAX,BAX,ortholog_one2one,1
BAZ1A,BAZ1A,ortholog_one2one,1
BAZ1B,BAZ1B,ortholog_one2one,1
BBOX1,BBOX1,ortholog_one2one,1
BBS1,BBS1,ortholog_one2one,1
BBS2,BBS2,ortholog_one2one,1
BBS7,BBS7,ortholog_one2one,1
BBS9,BBS9,ortholog_one2one,1
BCAM,BCAM,ortholog_one2one,1
BCAN,BCAN,ortholog_one2one,1
BCAR3,BCAR3,ortholog_one2one,1
BCAS1,BCAS1,ortholog_one2one,1
BCAS2,BCAS2,ortholog_one2one,1
BCAS3,BCAS3,ortholog_one2one,1
BCAT2,BCAT2,ortholog_one2one,1
BCCIP,BCCIP,ortholog_one2one,1
BCHE,BCHE,ortholog_one2one,1
BCKDHA,BCKDHA,ortholog_one2one,1
BCKDHB,BCKDHB,ortholog_one2one,1
BCKDK,BCKDK,ortholog_one2one,1
BCL10,BCL10,ortholog_one2one,1
BCL11A,BCL11A,ortholog_one2one,1
BCL2L13,BCL2L13,ortholog_one2one,1
BCL2L15,BCL2L15,ortholog_one2one,1
BCL7C,BCL7C,ortholog_one2one,1
BCLAF1,BCLAF1,ortholog_one2one,1
BCO2,BCO2,ortholog_one2one,1
BCOR,BCOR,ortholog_one2one,1
BCR,BCR,ortholog_one2one,1
BCS1L,BCS1L,ortholog_one2one,1
BDH1,BDH1,ortholog_one2one,1
BDH2,BDH2,ortholog_one2one,1
BECN1,BECN1,ortholog_one2one,1
BEGAIN,BEGAIN,ortholog_one2one,1
BGN,BGN,ortholog_one2one,1
BHMT,BHMT,ortholog_one2many,1
BICC1,BICC1,ortholog_one2one,1
BICD2,BICD2,ortholog_one2one,1
BIN1,BIN1,ortholog_one2one,1
BIN2,BIN2,ortholog_one2one,1
BIRC2,BIRC2,ortholog_one2one,1
BIRC5,BIRC5,ortholog_one2one,1
BIRC6,BIRC6,ortholog_one2one,1
BLK,BLK,ortholog_one2one,1
BLM,BLM,ortholog_one2one,1
BLMH,BLMH,ortholog_one2one,1
BLNK,BLNK,ortholog_one2one,1
BLOC1S4,BLOC1S4,ortholog_one2one,1
BLOC1S5,BLOC1S5,ortholog_one2one,1
BLVRA,BLVRA,ortholog_one2one,1
BLVRB,BLVRB,ortholog_one2one,1
BLZF1,BLZF1,ortholog_one2one,1
BMP2K,BMP2K,ortholog_one2one,1
BMPR2,BMPR2,ortholog_one2one,1
BMS1,BMS1,ortholog_one2one,1
BMX,BMX,ortholog_one2one,1
BNIP1,BNIP1,ortholog_one2one,1
BOD1L,BOD1L1,ortholog_one2one,1
BOK,BOK,ortholog_one2one,1
BOLA1,BOLA1,ortholog_one2one,1
BOLA2,BOLA2,ortholog_one2many,1
BOLA2,BOLA2B,ortholog_one2many,1
BOLA3,BOLA3,ortholog_one2one,1
BOP1,BOP1,ortholog_one2one,1
BPGM,BPGM,ortholog_one2one,1
BPHL,BPHL,ortholog_one2one,1
BPNT1,BPNT1,ortholog_one2one,1
BPTF,BPTF,ortholog_one2one,1
BRAF,BRAF,ortholog_one2one,1
BRAP,BRAP,ortholog_one2one,1
BRAT1,BRAT1,ortholog_one2one,1
BRCC3,BRCC3,ortholog_one2many,1
BRD1,BRD1,ortholog_one2one,1
BRD2,BRD2,ortholog_one2one,1
BRD3,BRD3,ortholog_one2one,1
BRD4,BRD4,ortholog_one2one,1
BRD7,BRD7,ortholog_one2one,1
BRD9,BRD9,ortholog_one2one,1
BRF1,BRF1,ortholog_one2one,1
BRI3BP,BRI3BP,ortholog_one2one,1
BRINP1,BRINP1,ortholog_one2one,1
BRIX1,BRIX1,ortholog_one2one,1
BRK1,BRK1,ortholog_one2one,1
BRMS1L,BRMS1L,ortholog_one2one,1
BROX,BROX,ortholog_one2one,1
BRSK1,BRSK1,ortholog_one2one,1
BRSK2,BRSK2,ortholog_one2one,1
BSG,BSG,ortholog_one2one,1
BSN,BSN,ortholog_one2one,1
BSPRY,BSPRY,ortholog_one2one,1
BST1,BST1,ortholog_one2one,1
BTAF1,BTAF1,ortholog_one2one,1
BTBD1,BTBD1,ortholog_one2one,1
BTBD10,BTBD10,ortholog_one2one,1
BTBD17,BTBD17,ortholog_one2one,1
BTBD2,BTBD2,ortholog_one2one,1
BTD,BTD,ortholog_one2one,1
BTK,BTK,ortholog_one2one,1
BTLA,BTLA,ortholog_one2one,1
BTNL9,BTNL9,ortholog_one2one,1
BUB3,BUB3,ortholog_one2one,1
BUD31,BUD31,ortholog_one2one,1
BZW1,BZW1,ortholog_one2one,1
BZW2,BZW2,ortholog_one2one,1
C1QBP,C1QBP,ortholog_one2one,1
C1QL1,C1QL1,ortholog_one2one,1
C1RL,C1RL,ortholog_one2one,1
C2CD2,C2CD2,ortholog_one2one,1
C2CD2L,C2CD2L,ortholog_one2one,1
C2CD5,C2CD5,ortholog_one2one,1
C3,C3,ortholog_one2one,1
C4B,C4A,ortholog_many2many,1
C4B,C4B,ortholog_many2many,1
C6,C6,ortholog_one2one,1
C7,C7,ortholog_one2one,1
C8A,C8A,ortholog_one2one,1
C8B,C8B,ortholog_one2one,1
C8G,C8G,ortholog_one2one,1
CAAP1,CAAP1,ortholog_one2one,1
CAB39,CAB39,ortholog_one2one,1
CAB39L,CAB39L,ortholog_one2one,1
CABLES2,CABLES2,ortholog_one2one,1
CACNA1A,CACNA1A,ortholog_one2one,1
CACNA1B,CACNA1B,ortholog_one2one,1
CACNA1C,CACNA1C,ortholog_one2one,1
CACNA1E,CACNA1E,ortholog_one2one,1
CACNA1G,CACNA1G,ortholog_one2one,1
CACNA1I,CACNA1I,ortholog_one2one,1
CACNA1S,CACNA1S,ortholog_one2one,1
CACNA2D1,CACNA2D1,ortholog_one2one,1
CACNA2D3,CACNA2D3,ortholog_one2one,1
CACNB1,CACNB1,ortholog_one2one,1
CACNB2,CACNB2,ortholog_one2one,1
CACNB4,CACNB4,ortholog_one2one,1
CACNG1,CACNG1,ortholog_one2one,1
CACNG2,CACNG2,ortholog_one2one,1
CACNG5,CACNG5,ortholog_one2one,1
CACUL1,CACUL1,ortholog_one2one,1
CACYBP,CACYBP,ortholog_one2one,1
CAD,CAD,ortholog_one2one,1
CADM1,CADM1,ortholog_one2one,1
CADM2,CADM2,ortholog_one2one,1
CADM3,CADM3,ortholog_one2one,1
CADM4,CADM4,ortholog_one2one,1
CADPS2,CADPS2,ortholog_one2one,1
CALB1,CALB1,ortholog_one2one,1
CALB2,CALB2,ortholog_one2one,1
CALCOCO1,CALCOCO1,ortholog_one2one,1
CALCRL,CALCRL,ortholog_one2one,1
CALD1,CALD1,ortholog_one2one,1
CALML4,CALML4,ortholog_one2one,1
CALR,CALR,ortholog_one2one,1
CAMK1,CAMK1,ortholog_one2one,1
CAMK1D,CAMK1D,ortholog_one2one,1
CAMK2A,CAMK2A,ortholog_one2one,1
CAMK2B,CAMK2B,ortholog_one2one,1
CAMK2G,CAMK2G,ortholog_one2one,1
CAMKK1,CAMKK1,ortholog_one2one,1
CAMKK2,CAMKK2,ortholog_one2one,1
CAMKMT,CAMKMT,ortholog_one2one,1
CAMKV,CAMKV,ortholog_one2one,1
CAMP,CAMP,ortholog_one2one,1
CAMSAP1,CAMSAP1,ortholog_one2one,1
CAMSAP2,CAMSAP2,ortholog_one2one,1
CAMSAP3,CAMSAP3,ortholog_one2one,1
CAMTA1,CAMTA1,ortholog_one2one,1
CAMTA2,CAMTA2,ortholog_one2one,1
CAND1,CAND1,ortholog_one2one,1
CAND2,CAND2,ortholog_one2one,1
CANX,CANX,ortholog_one2one,1
CAP1,CAP1,ortholog_one2one,1
CAP2,CAP2,ortholog_one2one,1
CAPG,CAPG,ortholog_one2one,1
CAPN1,CAPN1,ortholog_one2one,1
CAPN2,CAPN2,ortholog_one2one,1
CAPN3,CAPN3,ortholog_one2one,1
CAPN5,CAPN5,ortholog_one2one,1
CAPN7,CAPN7,ortholog_one2one,1
CAPNS1,CAPNS1,ortholog_one2one,1
CAPRIN1,CAPRIN1,ortholog_one2one,1
CAPZA1,CAPZA1,ortholog_one2many,1
CAPZA2,CAPZA2,ortholog_one2one,1
CAPZB,CAPZB,ortholog_one2one,1
CARD11,CARD11,ortholog_one2one,1
CARD6,CARD6,ortholog_one2one,1
CARD9,CARD9,ortholog_one2one,1
CARHSP1,CARHSP1,ortholog_one2one,1
CARM1,CARM1,ortholog_one2one,1
CARS2,CARS2,ortholog_one2one,1
CASD1,CASD1,ortholog_one2one,1
CASK,CASK,ortholog_one2one,1
CASKIN1,CASKIN1,ortholog_one2one,1
CASKIN2,CASKIN2,ortholog_one2one,1
CASP1,CASP1,ortholog_one2many,1
CASP1,CARD16,ortholog_one2many,0
CASP2,CASP2,ortholog_one2one,1
CASP3,CASP3,ortholog_one2one,1
CASP6,CASP6,ortholog_one2one,1
CASP7,CASP7,ortholog_one2one,1
CASP8,CASP8,ortholog_one2one,1
CASP9,CASP9,ortholog_one2one,1
CASQ2,CASQ2,ortholog_one2one,1
CASS4,CASS4,ortholog_one2one,1
CAST,CAST,ortholog_one2one,1
CAT,CAT,ortholog_one2one,1
CAV1,CAV1,ortholog_one2one,1
CAV2,CAV2,ortholog_one2one,1
CBFA2T3,CBFA2T3,ortholog_one2one,1
CBFB,CBFB,ortholog_one2one,1
CBL,CBL,ortholog_one2one,1
CBLB,CBLB,ortholog_one2one,1
CBLN3,CBLN3,ortholog_one2one,1
CBR3,CBR3,ortholog_one2one,1
CBR4,CBR4,ortholog_one2one,1
CBS,CBS,ortholog_one2one,1
CBX1,CBX1,ortholog_one2one,1
CBX3,CBX3,ortholog_one2one,1
CBX5,CBX5,ortholog_one2one,1
CC2D1B,CC2D1B,ortholog_one2one,1
CCAR1,CCAR1,ortholog_one2one,1
CCAR2,CCAR2,ortholog_one2one,1
CCDC117,CCDC117,ortholog_one2one,1
CCDC12,CCDC12,ortholog_one2one,1
CCDC127,CCDC127,ortholog_one2one,1
CCDC136,CCDC136,ortholog_one2one,1
CCDC141,CCDC141,ortholog_one2one,1
CCDC149,CCDC149,ortholog_one2one,1
CCDC170,CCDC170,ortholog_one2one,1
CCDC177,CCDC177,ortholog_one2one,1
CCDC22,CCDC22,ortholog_one2one,1
CCDC25,CCDC25,ortholog_one2one,1
CCDC28A,CCDC28A,ortholog_one2one,1
CCDC30,CCDC30,ortholog_one2one,0
CCDC40,CCDC40,ortholog_one2one,1
CCDC47,CCDC47,ortholog_one2one,1
CCDC50,CCDC50,ortholog_one2one,1
CCDC51,CCDC51,ortholog_one2one,1
CCDC69,CCDC69,ortholog_one2one,0
CCDC71,CCDC71,ortholog_one2one,1
CCDC77,CCDC77,ortholog_one2one,1
CCDC85A,CCDC85A,ortholog_one2one,1
CCDC85B,CCDC85B,ortholog_one2one,1
CCDC86,CCDC86,ortholog_one2one,1
CCDC88A,CCDC88A,ortholog_one2one,1
CCDC88B,CCDC88B,ortholog_one2one,1
CCDC91,CCDC91,ortholog_one2one,1
CCDC92,CCDC92,ortholog_one2one,1
CCDC93,CCDC93,ortholog_one2one,1
CCIN,CCIN,ortholog_one2one,1
CCKAR,CCKAR,ortholog_one2one,1
CCM2,CCM2,ortholog_one2one,1
CCNB1,CCNB1,ortholog_one2one,1
CCNB2,CCNB2,ortholog_one2one,1
CCND3,CCND3,ortholog_one2one,1
CCNH,CCNH,ortholog_one2one,1
CCNL1,CCNL1,ortholog_one2one,1
CCNT1,CCNT1,ortholog_one2one,1
CCNT2,CCNT2,ortholog_one2one,1
CCNY,CCNY,ortholog_one2one,1
CCNYL1,CCNYL1,ortholog_one2one,1
CCP110,CCP110,ortholog_one2one,1
CCPG1,CCPG1,ortholog_one2one,1
CCS,CCS,ortholog_one2one,1
CCSAP,CCSAP,ortholog_one2one,1
CCT2,CCT2,ortholog_one2one,1
CCT3,CCT3,ortholog_one2one,1
CCT4,CCT4,ortholog_one2one,1
CCT5,CCT5,ortholog_one2one,1
CCT6A,CCT6A,ortholog_one2one,1
CCT7,CCT7,ortholog_one2one,1
CCT8,CCT8,ortholog_one2one,1
CCZ1,CCZ1,ortholog_one2many,1
CCZ1,CCZ1B,ortholog_one2many,1
CD151,CD151,ortholog_one2one,1
CD209D,CD209,ortholog_one2many,0
CD248,CD248,ortholog_one2one,1
CD274,CD274,ortholog_one2one,1
CD34,CD34,ortholog_one2one,1
CD36,CD36,ortholog_one2one,1
CD38,CD38,ortholog_one2one,1
CD44,CD44,ortholog_one2one,1
CD47,CD47,ortholog_one2one,1
CD48,CD48,ortholog_one2one,0
CD5L,CD5L,ortholog_one2one,1
CD9,CD9,ortholog_one2one,1
CD93,CD93,ortholog_one2one,1
CD99L2,CD99L2,ortholog_one2one,1
CDA,CDA,ortholog_one2one,1
CDAN1,CDAN1,ortholog_one2one,1
CDC123,CDC123,ortholog_one2one,1
CDC16,CDC16,ortholog_one2one,1
CDC20,CDC20,ortholog_one2one,1
CDC23,CDC23,ortholog_one2one,1
CDC27,CDC27,ortholog_one2one,1
CDC34,CDC34,ortholog_one2many,1
CDC37,CDC37,ortholog_one2one,1
CDC37L1,CDC37L1,ortholog_one2one,1
CDC40,CDC40,ortholog_one2one,1
CDC42,CDC42,ortholog_one2one,1
CDC42BPA,CDC42BPA,ortholog_one2one,1
CDC42BPB,CDC42BPB,ortholog_one2one,1
CDC42BPG,CDC42BPG,ortholog_one2one,1
CDC42EP4,CDC42EP4,ortholog_one2one,1
CDC5L,CDC5L,ortholog_one2many,1
CDC6,CDC6,ortholog_one2one,1
CDC73,CDC73,ortholog_one2one,1
CDCA2,CDCA2,ortholog_one2one,1
CDCA7L,CDCA7L,ortholog_one2one,1
CDH1,CDH1,ortholog_one2one,1
CDIP1,CDIP1,ortholog_one2one,1
CDK11B,CDK11A,ortholog_one2many,1
CDK11B,CDK11B,ortholog_one2many,1
CDK12,CDK12,ortholog_one2one,1
CDK13,CDK13,ortholog_one2one,1
CDK14,CDK14,ortholog_one2one,1
CDK16,CDK16,ortholog_one2one,1
CDK17,CDK17,ortholog_one2one,1
CDK18,CDK18,ortholog_one2one,1
CDK19,CDK19,ortholog_one2one,1
CDK2,CDK2,ortholog_one2one,1
CDK4,CDK4,ortholog_one2one,1
CDK5,CDK5,ortholog_one2one,1
CDK5R1,CDK5R1,ortholog_one2one,1
CDK5RAP3,CDK5RAP3,ortholog_one2one,1
CDK6,CDK6,ortholog_one2one,1
CDK9,CDK9,ortholog_one2one,1
CDKAL1,CDKAL1,ortholog_one2one,1
CDKN1B,CDKN1B,ortholog_one2one,1
CDKN2AIP,CDKN2AIP,ortholog_one2one,1
CDKN2C,CDKN2C,ortholog_one2one,1
CDO1,CDO1,ortholog_one2one,1
CDS1,CDS1,ortholog_one2one,1
CDT1,CDT1,ortholog_one2one,1
CDYL,CDY1,ortholog_one2many,0
CDYL,CDY1B,ortholog_one2many,0
CDYL,CDY2A,ortholog_one2many,0
CDYL,CDY2B,ortholog_one2many,0
CDYL2,CDYL2,ortholog_one2one,1
CEBPB,CEBPB,ortholog_one2one,1
CEBPZ,CEBPZ,ortholog_one2one,1
CELA1,CELA1,ortholog_one2one,1
CELF1,CELF1,ortholog_one2one,1
CELF2,CELF2,ortholog_one2one,1
CELF3,CELF3,ortholog_one2one,1
CELF4,CELF4,ortholog_one2one,1
CELF5,CELF5,ortholog_one2one,1
CELSR2,CELSR2,ortholog_one2one,1
CENPK,CENPK,ortholog_one2one,1
CENPM,CENPM,ortholog_one2one,1
CENPV,CENPV,ortholog_one2one,1
CEP104,CEP104,ortholog_one2one,1
CEP120,CEP120,ortholog_one2one,1
CEP128,CEP128,ortholog_one2one,1
CEP135,CEP135,ortholog_one2one,1
CEP152,CEP152,ortholog_one2one,1
CEP170,CEP170,ortholog_one2one,1
CEP170B,CEP170B,ortholog_one2one,1
CEP192,CEP192,ortholog_one2one,1
CEP41,CEP41,ortholog_one2one,1
CEP85,CEP85,ortholog_one2one,1
CEP97,CEP97,ortholog_one2one,1
CES1D,CES1,ortholog_one2many,1
CES2A,CES2,ortholog_one2many,1
CES2C,CES2,ortholog_one2many,1
CES2E,CES2,ortholog_one2many,1
CES2G,CES2,ortholog_one2many,1
CES3A,CES3,ortholog_one2many,1
CES3B,CES3,ortholog_one2many,1
CFB,CFB,ortholog_one2one,1
CFD,CFD,ortholog_one2one,1
CFI,CFI,ortholog_one2one,1
CFL1,CFL1,ortholog_one2one,1
CFL2,CFL2,ortholog_one2one,1
CFP,CFP,ortholog_one2one,1
CGGBP1,CGGBP1,ortholog_one2one,1
CGN,CGN,ortholog_one2one,1
CGNL1,CGNL1,ortholog_one2one,1
CGRRF1,CGRRF1,ortholog_one2one,1
CHAF1A,CHAF1A,ortholog_one2one,1
CHAF1B,CHAF1B,ortholog_one2one,1
CHAMP1,CHAMP1,ortholog_one2one,1
CHAT,CHAT,ortholog_one2one,1
CHCHD2,CHCHD2,ortholog_one2one,1
CHCHD3,CHCHD3,ortholog_one2one,1
CHCHD6,CHCHD6,ortholog_one2one,1
CHCHD7,CHCHD7,ortholog_one2one,1
CHD1,CHD1,ortholog_one2one,1
CHD1L,CHD1L,ortholog_one2one,1
CHD2,CHD2,ortholog_one2one,1
CHD3,CHD3,ortholog_one2one,1
CHD4,CHD4,ortholog_one2one,1
CHD8,CHD8,ortholog_one2one,1
CHDH,CHDH,ortholog_one2one,1
CHEK2,CHEK2,ortholog_one2one,1
CHERP,CHERP,ortholog_one2one,1
CHIC2,CHIC2,ortholog_one2one,1
CHID1,CHID1,ortholog_one2one,1
CHIL3,CHIA,ortholog_one2many,1
CHKB,CHKB,ortholog_one2one,1
CHL1,CHL1,ortholog_one2one,1
CHM,CHM,ortholog_one2one,1
CHMP3,CHMP3,ortholog_one2one,1
CHMP5,CHMP5,ortholog_one2one,1
CHMP6,CHMP6,ortholog_one2one,1
CHN1,CHN1,ortholog_one2one,1
CHN2,CHN2,ortholog_one2one,1
CHORDC1,CHORDC1,ortholog_one2one,1
CHPT1,CHPT1,ortholog_one2one,1
CHRAC1,CHRAC1,ortholog_one2one,1
CHRM2,CHRM2,ortholog_one2one,1
CHRNA4,CHRNA4,ortholog_one2one,1
CHTF18,CHTF18,ortholog_one2one,1
CHTF8,CHTF8,ortholog_one2one,1
CHUK,CHUK,ortholog_one2one,1
CHURC1,CHURC1,ortholog_one2one,1
CIAO1,CIAO1,ortholog_one2one,1
CIAPIN1,CIAPIN1,ortholog_one2one,1
CIB1,CIB1,ortholog_one2one,1
CIC,CIC,ortholog_one2one,1
CIDEA,CIDEA,ortholog_one2one,1
CIDEB,CIDEB,ortholog_one2one,1
CIDEC,CIDEC,ortholog_one2one,1
CIR1,CIR1,ortholog_one2one,1
CISD1,CISD1,ortholog_one2one,1
CISD2,CISD2,ortholog_one2one,1
CISD3,CISD3,ortholog_one2one,1
CIT,CIT,ortholog_one2one,1
CIZ1,CIZ1,ortholog_one2one,1
CKAP4,CKAP4,ortholog_one2one,1
CKAP5,CKAP5,ortholog_one2one,1
CKB,CKB,ortholog_one2one,1
CKM,CKM,ortholog_one2one,1
CKMT1,CKMT1A,ortholog_one2many,1
CKMT1,CKMT1B,ortholog_one2many,1
CKMT2,CKMT2,ortholog_one2one,1
CLASP1,CLASP1,ortholog_one2one,1
CLASP2,CLASP2,ortholog_one2one,1
CLCA1,CLCA1,ortholog_one2one,1
CLCC1,CLCC1,ortholog_one2one,1
CLCN1,CLCN1,ortholog_one2one,1
CLCN2,CLCN2,ortholog_one2one,1
CLCN3,CLCN3,ortholog_one2one,1
CLCN5,CLCN5,ortholog_one2one,1
CLCN6,CLCN6,ortholog_one2one,1
CLCN7,CLCN7,ortholog_one2one,1
CLCNKB,CLCNKA,ortholog_many2many,1
CLCNKB,CLCNKB,ortholog_many2many,1
CLDND1,CLDND1,ortholog_one2one,1
CLEC14A,CLEC14A,ortholog_one2one,1
CLEC16A,CLEC16A,ortholog_one2one,1
CLEC18A,CLEC18A,ortholog_one2many,1
CLEC18A,CLEC18B,ortholog_one2many,1
CLEC18A,CLEC18C,ortholog_one2many,1
CLEC1A,CLEC1A,ortholog_one2one,1
CLEC3B,CLEC3B,ortholog_one2one,1
CLEC4A1,CLEC4A,ortholog_one2one,1
CLIC1,CLIC1,ortholog_one2one,1
CLIC3,CLIC3,ortholog_one2one,1
CLIC4,CLIC4,ortholog_one2one,1
CLIC5,CLIC5,ortholog_one2one,0
CLIC6,CLIC6,ortholog_one2one,1
CLINT1,CLINT1,ortholog_one2one,1
CLIP1,CLIP1,ortholog_one2one,1
CLIP2,CLIP2,ortholog_one2one,1
CLIP3,CLIP3,ortholog_one2one,1
CLK3,CLK3,ortholog_one2one,1
CLMN,CLMN,ortholog_one2one,1
CLP1,CLP1,ortholog_one2one,1
CLPB,CLPB,ortholog_one2one,1
CLPTM1,CLPTM1,ortholog_one2one,1
CLPX,CLPX,ortholog_one2one,1
CLTA,CLTA,ortholog_one2one,1
CLTB,CLTB,ortholog_one2one,1
CLTC,CLTC,ortholog_one2one,1
CLUH,CLUH,ortholog_one2one,1
CLYBL,CLYBL,ortholog_one2one,1
CMA1,CMA1,ortholog_one2one,1
CMAS,CMAS,ortholog_one2one,1
CMBL,CMBL,ortholog_one2one,1
CMC1,CMC1,ortholog_one2one,1
CMIP,CMIP,ortholog_one2one,1
CMPK1,CMPK1,ortholog_one2one,1
CMPK2,CMPK2,ortholog_one2one,1
CMSS1,CMSS1,ortholog_one2one,1
CMTM3,CMTM3,ortholog_one2one,1
CMTM5,CMTM5,ortholog_one2one,1
CMTM7,CMTM7,ortholog_one2one,1
CMTR1,CMTR1,ortholog_one2one,1
CMYA5,CMYA5,ortholog_one2one,1
CNBP,CNBP,ortholog_one2one,1
CNDP2,CNDP2,ortholog_one2one,1
CNEP1R1,CNEP1R1,ortholog_one2one,1
CNIH1,CNIH1,ortholog_one2one,1
CNIH3,CNIH3,ortholog_one2one,1
CNKSR1,CNKSR1,ortholog_one2one,1
CNKSR2,CNKSR2,ortholog_one2one,1
CNN1,CNN1,ortholog_one2one,1
CNN2,CNN2,ortholog_one2one,1
CNN3,CNN3,ortholog_one2one,1
CNNM1,CNNM1,ortholog_one2one,1
CNNM2,CNNM2,ortholog_one2one,1
CNNM3,CNNM3,ortholog_one2one,1
CNOT1,CNOT1,ortholog_one2one,1
CNOT10,CNOT10,ortholog_one2one,1
CNOT2,CNOT2,ortholog_one2one,1
CNOT4,CNOT4,ortholog_one2one,1
CNOT8,CNOT8,ortholog_one2one,1
CNP,CNP,ortholog_one2one,1
CNST,CNST,ortholog_one2one,1
CNTN1,CNTN1,ortholog_one2one,1
CNTN2,CNTN2,ortholog_one2one,1
CNTNAP1,CNTNAP1,ortholog_one2one,1
CNTNAP2,CNTNAP2,ortholog_one2one,1
CNTRL,CNTRL,ortholog_one2one,1
COA6,COA6,ortholog_one2one,0
COA7,COA7,ortholog_one2one,1
COBL,COBL,ortholog_one2one,1
COBLL1,COBLL1,ortholog_one2one,1
COG1,COG1,ortholog_one2one,1
COG2,COG2,ortholog_one2one,1
COG3,COG3,ortholog_one2one,1
COG4,COG4,ortholog_one2one,1
COG5,COG5,ortholog_one2one,1
COG6,COG6,ortholog_one2one,1
COG7,COG7,ortholog_one2one,1
COG8,COG8,ortholog_one2one,1
COIL,COIL,ortholog_one2one,1
COL12A1,COL12A1,ortholog_one2one,1
COL14A1,COL14A1,ortholog_one2one,1
COL15A1,COL15A1,ortholog_one2one,1
COL18A1,COL18A1,ortholog_one2one,1
COL1A1,COL1A1,ortholog_one2one,1
COL3A1,COL3A1,ortholog_one2one,1
COL4A1,COL4A1,ortholog_one2one,1
COL4A2,COL4A2,ortholog_one2one,1
COL4A3,COL4A3,ortholog_one2one,1
COL4A4,COL4A4,ortholog_one2one,1
COL6A1,COL6A1,ortholog_one2one,1
COL6A2,COL6A2,ortholog_one2one,1
COL6A3,COL6A3,ortholog_one2one,1
COL6A5,COL6A5,ortholog_one2one,1
COL6A6,COL6A6,ortholog_one2one,1
COLGALT1,COLGALT1,ortholog_one2one,1
COMMD3,COMMD3,ortholog_one2one,1
COMMD4,COMMD4,ortholog_one2one,1
COMMD6,COMMD6,ortholog_one2one,1
COMMD7,COMMD7,ortholog_one2one,1
COMMD8,COMMD8,ortholog_one2one,1
COMMD9,COMMD9,ortholog_one2one,1
COMT,COMT,ortholog_one2one,1
COMTD1,COMTD1,ortholog_one2one,1
COPA,COPA,ortholog_one2one,1
COPB1,COPB1,ortholog_one2one,1
COPB2,COPB2,ortholog_one2one,1
COPE,COPE,ortholog_one2one,1
COPG1,COPG1,ortholog_one2one,1
COPG2,COPG2,ortholog_one2one,1
COPS2,COPS2,ortholog_one2one,1
COPS3,COPS3,ortholog_one2one,1
COPS4,COPS4,ortholog_one2one,1
COPS5,COPS5,ortholog_one2one,1
COPS6,COPS6,ortholog_one2one,1
COPS7B,COPS7B,ortholog_one2one,1
COQ10A,COQ10A,ortholog_one2one,1
COQ2,COQ2,ortholog_one2one,1
COQ3,COQ3,ortholog_one2one,1
COQ4,COQ4,ortholog_one2one,1
COQ5,COQ5,ortholog_one2one,1
COQ6,COQ6,ortholog_one2one,1
COQ7,COQ7,ortholog_one2one,1
CORO1A,CORO1A,ortholog_one2one,1
CORO1B,CORO1B,ortholog_one2one,1
CORO1C,CORO1C,ortholog_one2one,1
CORO2A,CORO2A,ortholog_one2one,1
CORO2B,CORO2B,ortholog_one2one,1
CORO6,CORO6,ortholog_one2one,1
CORO7,CORO7,ortholog_one2one,1
COTL1,COTL1,ortholog_one2one,1
COX18,COX18,ortholog_one2one,1
COX20,COX20,ortholog_one2one,1
COX4I2,COX4I2,ortholog_one2one,1
COX6B1,COX6B1,ortholog_one2one,1
CP,CP,ortholog_one2one,1
CPB2,CPB2,ortholog_one2one,1
CPE,CPE,ortholog_one2one,1
CPEB2,CPEB2,ortholog_one2one,1
CPEB4,CPEB4,ortholog_one2one,1
CPLX1,CPLX1,ortholog_one2one,1
CPLX2,CPLX2,ortholog_one2one,1
CPM,CPM,ortholog_one2one,1
CPNE2,CPNE2,ortholog_one2one,1
CPNE3,CPNE3,ortholog_one2one,1
CPNE4,CPNE4,ortholog_one2one,1
CPNE5,CPNE5,ortholog_one2one,1
CPNE6,CPNE6,ortholog_one2one,1
CPNE7,CPNE7,ortholog_one2one,1
CPNE8,CPNE8,ortholog_one2one,1
CPNE9,CPNE9,ortholog_one2one,1
CPOX,CPOX,ortholog_one2one,1
CPPED1,CPPED1,ortholog_one2one,1
CPQ,CPQ,ortholog_one2one,1
CPS1,CPS1,ortholog_one2one,1
CPSF1,CPSF1,ortholog_one2one,1
CPSF2,CPSF2,ortholog_one2one,1
CPSF3,CPSF3,ortholog_one2one,1
CPSF4,CPSF4,ortholog_one2one,1
CPSF6,CPSF6,ortholog_one2one,1
CPSF7,CPSF7,ortholog_one2one,1
CPT1A,CPT1A,ortholog_one2one,1
CPT1B,CPT1B,ortholog_one2one,1
CPT1C,CPT1C,ortholog_one2one,1
CPT2,CPT2,ortholog_one2one,1
CR1L,CR1,ortholog_one2one,0
CR2,CR2,ortholog_one2one,0
CRABP2,CRABP2,ortholog_one2one,1
CRAT,CRAT,ortholog_one2one,1
CRBN,CRBN,ortholog_one2one,1
CREBBP,CREBBP,ortholog_one2one,1
CREBL2,CREBL2,ortholog_one2one,1
CRIP1,CRIP1,ortholog_one2one,1
CRIP2,CRIP2,ortholog_one2one,1
CRISP1,CRISP3,ortholog_one2many,1
CRK,CRK,ortholog_one2one,1
CRKL,CRKL,ortholog_one2one,1
CRLF3,CRLF3,ortholog_one2one,1
CRLS1,CRLS1,ortholog_one2one,1
CRMP1,CRMP1,ortholog_one2one,1
CRNKL1,CRNKL1,ortholog_one2one,1
CROCC,CROCC,ortholog_one2one,1
CROT,CROT,ortholog_one2one,1
CRTAC1,CRTAC1,ortholog_one2one,1
CRTC2,CRTC2,ortholog_one2one,1
CRY2,CRY2,ortholog_one2one,1
CRYBB1,CRYBB1,ortholog_one2one,1
CRYBG3,CRYBG3,ortholog_one2one,1
CRYGN,CRYGN,ortholog_one2one,1
CRYL1,CRYL1,ortholog_one2one,1
CRYZ,CRYZ,ortholog_one2one,1
CRYZL1,CRYZL1,ortholog_one2one,1
CS,CS,ortholog_one2many,1
CSAD,CSAD,ortholog_one2one,1
CSDE1,CSDE1,ortholog_one2one,1
CSE1L,CSE1L,ortholog_one2one,1
CSF1R,CSF1R,ortholog_one2one,1
CSGALNACT2,CSGALNACT2,ortholog_one2one,1
CSK,CSK,ortholog_one2one,1
CSNK1A1,CSNK1A1,ortholog_one2one,1
CSNK1D,CSNK1D,ortholog_one2one,1
CSNK1E,CSNK1E,ortholog_one2one,1
CSNK1G1,CSNK1G1,ortholog_one2one,1
CSNK1G2,CSNK1G2,ortholog_one2one,1
CSNK1G3,CSNK1G3,ortholog_one2one,1
CSNK2A1,CSNK2A1,ortholog_one2many,1
CSNK2A1,CSNK2A3,ortholog_one2many,0
CSNK2A2,CSNK2A2,ortholog_one2one,1
CSNK2B,CSNK2B,ortholog_one2one,1
CSPG4,CSPG4,ortholog_one2one,1
CSPG5,CSPG5,ortholog_one2one,1
CSRP1,CSRP1,ortholog_one2one,1
CSRP2,CSRP2,ortholog_one2one,1
CSRP3,CSRP3,ortholog_one2one,1
CST3,CST3,ortholog_one2many,1
CST8,CST8,ortholog_one2one,1
CSTF1,CSTF1,ortholog_one2one,1
CSTF2,CSTF2,ortholog_one2one,1
CSTF2T,CSTF2T,ortholog_one2one,1
CSTF3,CSTF3,ortholog_one2one,1
CTBP1,CTBP1,ortholog_one2one,1
CTBP2,CTBP2,ortholog_one2one,0
CTBS,CTBS,ortholog_one2one,1
CTC1,CTC1,ortholog_one2one,1
CTCF,CTCF,ortholog_one2one,1
CTDP1,CTDP1,ortholog_one2one,1
CTDSPL,CTDSPL,ortholog_one2one,1
CTDSPL2,CTDSPL2,ortholog_one2one,1
CTH,CTH,ortholog_one2one,1
CTIF,CTIF,ortholog_one2one,1
CTNNA1,CTNNA1,ortholog_one2one,1
CTNNA2,CTNNA2,ortholog_one2one,1
CTNNA3,CTNNA3,ortholog_one2one,1
CTNNAL1,CTNNAL1,ortholog_one2one,1
CTNNB1,CTNNB1,ortholog_one2one,1
CTNNBL1,CTNNBL1,ortholog_one2one,1
CTNND1,CTNND1,ortholog_one2one,1
CTNND2,CTNND2,ortholog_one2one,1
CTPS1,CTPS1,ortholog_one2one,1
CTPS2,CTPS2,ortholog_one2one,1
CTR9,CTR9,ortholog_one2one,1
CTRL,CTRL,ortholog_one2one,1
CTSA,CTSA,ortholog_one2one,1
CTSB,CTSB,ortholog_one2one,1
CTSC,CTSC,ortholog_one2one,1
CTSD,CTSD,ortholog_one2one,1
CTSF,CTSF,ortholog_one2one,1
CTSG,CTSG,ortholog_one2one,1
CTSS,CTSS,ortholog_one2one,1
CTSZ,CTSZ,ortholog_one2one,1
CTTN,CTTN,ortholog_one2one,1
CTTNBP2,CTTNBP2,ortholog_one2one,1
CTTNBP2NL,CTTNBP2NL,ortholog_one2one,1
CTU1,CTU1,ortholog_one2one,1
CTU2,CTU2,ortholog_one2one,1
CUBN,CUBN,ortholog_one2one,1
CUEDC2,CUEDC2,ortholog_one2one,1
CUL1,CUL1,ortholog_one2one,1
CUL2,CUL2,ortholog_one2one,1
CUL3,CUL3,ortholog_one2one,1
CUL4A,CUL4A,ortholog_one2one,1
CUL4B,CUL4B,ortholog_one2one,1
CUL5,CUL5,ortholog_one2one,1
CUL7,CUL7,ortholog_one2one,1
CUL9,CUL9,ortholog_one2one,1
CUTC,CUTC,ortholog_one2one,1
CUX1,CUX1,ortholog_one2one,1
CWC22,CWC22,ortholog_one2many,1
CWF19L1,CWF19L1,ortholog_one2one,1
CWF19L2,CWF19L2,ortholog_one2one,1
CX3CR1,CX3CR1,ortholog_one2one,1
CXADR,CXADR,ortholog_one2many,1
CXXC1,CXXC1,ortholog_one2one,1
CXXC4,CXXC4,ortholog_one2one,1
CYB5R1,CYB5R1,ortholog_one2one,1
CYB5R3,CYB5R3,ortholog_one2one,1
CYBB,CYBB,ortholog_one2one,1
CYBRD1,CYBRD1,ortholog_one2one,1
CYC1,CYC1,ortholog_one2one,1
CYFIP1,CYFIP1,ortholog_one2one,1
CYFIP2,CYFIP2,ortholog_one2one,1
CYLD,CYLD,ortholog_one2one,1
CYP1A2,CYP1A2,ortholog_one2one,1
CYP20A1,CYP20A1,ortholog_one2one,1
CYP27A1,CYP27A1,ortholog_one2one,1
CYP2A12,CYP2A13,ortholog_many2many,1
CYP2A12,CYP2A6,ortholog_many2many,1
CYP2A12,CYP2A7,ortholog_many2many,0
CYP2A4,CYP2A13,ortholog_many2many,0
CYP2A4,CYP2A6,ortholog_many2many,0
CYP2A4,CYP2A7,ortholog_many2many,0
CYP2A5,CYP2A13,ortholog_many2many,0
CYP2A5,CYP2A6,ortholog_many2many,0
CYP2A5,CYP2A7,ortholog_many2many,0
CYP2C55,CYP2C18,ortholog_one2one,1
CYP2D10,CYP2D6,ortholog_one2many,1
CYP2D22,CYP2D6,ortholog_one2many,1
CYP2D26,CYP2D6,ortholog_one2many,1
CYP2D9,CYP2D6,ortholog_one2many,0
CYP2E1,CYP2E1,ortholog_one2one,1
CYP2F2,CYP2F1,ortholog_one2one,1
CYP2U1,CYP2U1,ortholog_one2one,1
CYP3A11,CYP3A4,ortholog_many2many,0
CYP3A11,CYP3A43,ortholog_many2many,0
CYP3A11,CYP3A5,ortholog_many2many,0
CYP3A11,CYP3A7,ortholog_many2many,0
CYP3A13,CYP3A4,ortholog_many2many,1
CYP3A13,CYP3A43,ortholog_many2many,1
CYP3A13,CYP3A5,ortholog_many2many,1
CYP3A13,CYP3A7,ortholog_many2many,1
CYP3A25,CYP3A4,ortholog_many2many,0
CYP3A25,CYP3A43,ortholog_many2many,0
CYP3A25,CYP3A5,ortholog_many2many,0
CYP3A25,CYP3A7,ortholog_many2many,0
CYP46A1,CYP46A1,ortholog_one2one,1
CYP4A10,CYP4A11,ortholog_many2many,1
CYP4A10,CYP4A22,ortholog_many2many,1
CYP4A10,CYP4F11,ortholog_many2many,0
CYP4A10,CYP4F12,ortholog_many2many,0
CYP4B1,CYP4B1,ortholog_one2one,1
CYP4F13,CYP4F8,ortholog_one2many,0
CYP4F14,CYP4F2,ortholog_one2many,0
CYP4F15,CYP4F2,ortholog_one2many,1
CYP4F37,CYP4F8,ortholog_one2many,0
CYP4X1,CYP4X1,ortholog_one2one,1
CYP7A1,CYP7A1,ortholog_one2one,1
CYP7B1,CYP7B1,ortholog_one2one,1
CYP8B1,CYP8B1,ortholog_one2one,1
CYS1,CYS1,ortholog_one2one,1
CYTH1,CYTH1,ortholog_one2one,1
CYTH2,CYTH2,ortholog_one2one,1
CYTH3,CYTH3,ortholog_one2one,1
D2HGDH,D2HGDH,ortholog_one2one,1
D3ERTD751E,C4orf33,ortholog_one2one,1
D430041D05RIK,KIAA1549L,ortholog_one2one,1
D6WSU163E,FERRY3,ortholog_one2one,1
DAAM1,DAAM1,ortholog_one2one,1
DAAM2,DAAM2,ortholog_one2one,1
DAB1,DAB1,ortholog_one2one,1
DAB2,DAB2,ortholog_one2one,1
DAB2IP,DAB2IP,ortholog_one2one,1
DAG1,DAG1,ortholog_one2one,1
DAGLA,DAGLA,ortholog_one2one,1
DAGLB,DAGLB,ortholog_one2one,1
DALRD3,DALRD3,ortholog_one2one,1
DAO,DAO,ortholog_one2one,1
DAP3,DAP3,ortholog_one2one,1
DAPK1,DAPK1,ortholog_one2one,1
DAPK2,DAPK2,ortholog_one2one,1
DAPK3,DAPK3,ortholog_one2one,1
DARS2,DARS2,ortholog_one2one,1
DAXX,DAXX,ortholog_one2one,1
DAZAP1,DAZAP1,ortholog_one2one,1
DBN1,DBN1,ortholog_one2one,1
DBNL,DBNL,ortholog_one2one,1
DBR1,DBR1,ortholog_one2one,1
DBT,DBT,ortholog_one2one,1
DCAF11,DCAF11,ortholog_one2one,1
DCAF12L2,DCAF12L2,ortholog_one2many,1
DCAF13,DCAF13,ortholog_one2one,1
DCAF5,DCAF5,ortholog_one2one,1
DCAF6,DCAF6,ortholog_one2one,1
DCAF7,DCAF7,ortholog_one2one,1
DCAF8,DCAF8,ortholog_one2one,1
DCAKD,DCAKD,ortholog_one2one,1
DCK,DCK,ortholog_one2one,1
DCLK1,DCLK1,ortholog_one2one,1
DCLK2,DCLK2,ortholog_one2one,1
DCN,DCN,ortholog_one2one,1
DCP2,DCP2,ortholog_one2one,1
DCPS,DCPS,ortholog_one2one,1
DCTN1,DCTN1,ortholog_one2one,1
DCTN3,DCTN3,ortholog_one2one,1
DCTN4,DCTN4,ortholog_one2one,1
DCTN5,DCTN5,ortholog_one2one,1
DCTN6,DCTN6,ortholog_one2one,1
DCUN1D1,DCUN1D1,ortholog_one2many,1
DCUN1D2,DCUN1D2,ortholog_one2one,1
DCUN1D3,DCUN1D3,ortholog_one2one,1
DCUN1D4,DCUN1D4,ortholog_one2one,1
DCXR,DCXR,ortholog_one2one,1
DDAH1,DDAH1,ortholog_one2one,1
DDAH2,DDAH2,ortholog_one2one,1
DDB1,DDB1,ortholog_one2one,1
DDC,DDC,ortholog_one2one,1
DDHD1,DDHD1,ortholog_one2one,1
DDHD2,DDHD2,ortholog_one2one,1
DDI2,RSC1A1,ortholog_one2one,0
DDN,DDN,ortholog_one2one,1
DDO,DDO,ortholog_one2one,1
DDOST,DDOST,ortholog_one2one,1
DDR2,DDR2,ortholog_one2one,1
DDT,DDT,ortholog_one2many,1
DDT,DDTL,ortholog_one2many,1
DDX1,DDX1,ortholog_one2one,1
DDX17,DDX17,ortholog_one2one,1
DDX18,DDX18,ortholog_one2one,1
DDX19A,DDX19A,ortholog_one2one,1
DDX20,DDX20,ortholog_one2one,1
DDX21,DDX21,ortholog_one2one,1
DDX23,DDX23,ortholog_one2one,1
DDX24,DDX24,ortholog_one2one,1
DDX27,DDX27,ortholog_one2one,1
DDX31,DDX31,ortholog_one2one,1
DDX39A,DDX39A,ortholog_one2one,1
DDX39B,DDX39B,ortholog_one2one,1
DDX3X,DDX3X,ortholog_one2one,1
DDX3Y,DDX3Y,ortholog_one2one,1
DDX41,DDX41,ortholog_one2one,1
DDX42,DDX42,ortholog_one2one,1
DDX46,DDX46,ortholog_one2one,1
DDX49,DDX49,ortholog_one2one,1
DDX5,DDX5,ortholog_one2one,1
DDX50,DDX50,ortholog_one2one,1
DDX51,DDX51,ortholog_one2one,1
DDX52,DDX52,ortholog_one2one,1
DDX54,DDX54,ortholog_one2one,1
DDX55,DDX55,ortholog_one2one,1
DDX56,DDX56,ortholog_one2one,1
DDX6,DDX6,ortholog_one2one,1
DECR1,DECR1,ortholog_one2one,1
DECR2,DECR2,ortholog_one2one,1
DEFB48,DEFB109B,ortholog_one2many,1
DEFB48,DEFB109C,ortholog_one2many,1
DEFB48,DEFB109D,ortholog_one2many,1
DEK,DEK,ortholog_one2one,1
DENND1A,DENND1A,ortholog_one2one,1
DENND1B,DENND1B,ortholog_one2one,1
DENND1C,DENND1C,ortholog_one2one,1
DENND3,DENND3,ortholog_one2one,1
DENND4A,DENND4A,ortholog_one2one,1
DENND4B,DENND4B,ortholog_one2one,1
DENND4C,DENND4C,ortholog_one2one,1
DENND5A,DENND5A,ortholog_one2one,1
DENND5B,DENND5B,ortholog_one2one,1
DENR,DENR,ortholog_one2one,1
DEPDC5,DEPDC5,ortholog_one2one,1
DEPDC7,DEPDC7,ortholog_one2one,1
DEPTOR,DEPTOR,ortholog_one2one,1
DERA,DERA,ortholog_one2one,1
DES,DES,ortholog_one2one,1
DFFA,DFFA,ortholog_one2one,1
DFFB,DFFB,ortholog_one2one,1
DGAT1,DGAT1,ortholog_one2one,1
DGAT2,DGAT2,ortholog_one2one,1
DGCR8,DGCR8,ortholog_one2one,1
DGKA,DGKA,ortholog_one2one,1
DGKB,DGKB,ortholog_one2one,1
DGKD,DGKD,ortholog_one2one,1
DGKE,DGKE,ortholog_one2one,1
DGKG,DGKG,ortholog_one2one,1
DGKH,DGKH,ortholog_one2one,1
DGKI,DGKI,ortholog_one2one,1
DGKQ,DGKQ,ortholog_one2one,1
DGKZ,DGKZ,ortholog_one2one,1
DGUOK,DGUOK,ortholog_one2one,1
DHCR24,DHCR24,ortholog_one2one,1
DHCR7,DHCR7,ortholog_one2one,1
DHDDS,DHDDS,ortholog_one2one,1
DHDH,DHDH,ortholog_one2one,1
DHRS1,DHRS1,ortholog_one2one,1
DHRS11,DHRS11,ortholog_one2one,1
DHRS13,DHRS13,ortholog_one2one,1
DHRS3,DHRS3,ortholog_one2one,1
DHRS4,DHRS4,ortholog_one2many,1
DHRS4,DHRS4L2,ortholog_one2many,1
DHRS7,DHRS7,ortholog_one2many,1
DHRS7B,DHRS7B,ortholog_one2one,1
DHRS7C,DHRS7C,ortholog_one2one,1
DHTKD1,DHTKD1,ortholog_one2one,1
DHX15,DHX15,ortholog_one2one,1
DHX16,DHX16,ortholog_one2one,1
DHX29,DHX29,ortholog_one2one,1
DHX30,DHX30,ortholog_one2one,1
DHX32,DHX32,ortholog_one2one,1
DHX34,DHX34,ortholog_one2one,1
DHX36,DHX36,ortholog_one2one,1
DHX37,DHX37,ortholog_one2one,1
DHX38,DHX38,ortholog_one2one,1
DHX40,DHX40,ortholog_one2one,1
DHX57,DHX57,ortholog_one2one,1
DHX58,DHX58,ortholog_one2one,1
DHX8,DHX8,ortholog_one2one,1
DHX9,DHX9,ortholog_one2one,1
DIAPH1,DIAPH1,ortholog_one2one,1
DIAPH2,DIAPH2,ortholog_one2one,1
DIAPH3,DIAPH3,ortholog_one2one,1
DICER1,DICER1,ortholog_one2one,1
DIDO1,DIDO1,ortholog_one2one,1
DIMT1,DIMT1,ortholog_one2one,1
DIO1,DIO1,ortholog_one2one,1
DIP2A,DIP2A,ortholog_one2one,1
DIP2B,DIP2B,ortholog_one2one,1
DIP2C,DIP2C,ortholog_one2one,1
DIRAS1,DIRAS1,ortholog_one2one,1
DIRAS2,DIRAS2,ortholog_one2one,1
DIS3,DIS3,ortholog_one2one,1
DIS3L,DIS3L,ortholog_one2one,1
DIS3L2,DIS3L2,ortholog_one2one,1
DISP2,DISP2,ortholog_one2one,1
DKC1,DKC1,ortholog_one2one,1
DLAT,DLAT,ortholog_one2one,1
DLC1,DLC1,ortholog_one2one,1
DLD,DLD,ortholog_one2one,1
DLG1,DLG1,ortholog_one2one,1
DLG2,DLG2,ortholog_one2one,1
DLG3,DLG3,ortholog_one2one,1
DLG4,DLG4,ortholog_one2one,1
DLGAP1,DLGAP1,ortholog_one2one,1
DLGAP2,DLGAP2,ortholog_one2one,1
DLGAP3,DLGAP3,ortholog_one2one,1
DLGAP4,DLGAP4,ortholog_one2one,1
DLGAP5,DLGAP5,ortholog_one2one,1
DLK2,DLK2,ortholog_one2one,1
DLST,DLST,ortholog_one2one,1
DMD,DMD,ortholog_one2one,1
DMGDH,DMGDH,ortholog_one2one,1
DMPK,DMPK,ortholog_one2one,1
DMRT2,DMRT2,ortholog_one2one,1
DMTN,DMTN,ortholog_one2one,1
DMWD,DMWD,ortholog_one2one,1
DMXL1,DMXL1,ortholog_one2one,1
DMXL2,DMXL2,ortholog_one2one,1
DNA2,DNA2,ortholog_one2one,1
DNAH17,DNAH17,ortholog_one2one,1
DNAH5,DNAH5,ortholog_one2one,1
DNAH8,DNAH8,ortholog_one2one,1
DNAH9,DNAH9,ortholog_one2one,1
DNAI1,DNAI1,ortholog_one2one,1
DNAI2,DNAI2,ortholog_one2one,1
DNAJA1,DNAJA1,ortholog_one2one,1
DNAJA2,DNAJA2,ortholog_one2one,1
DNAJA3,DNAJA3,ortholog_one2one,1
DNAJA4,DNAJA4,ortholog_one2one,1
DNAJB12,DNAJB12,ortholog_one2one,1
DNAJB14,DNAJB14,ortholog_one2one,1
DNAJB4,DNAJB4,ortholog_one2one,1
DNAJB5,DNAJB5,ortholog_one2one,1
DNAJB6,DNAJB6,ortholog_one2one,1
DNAJC11,DNAJC11,ortholog_one2one,1
DNAJC12,DNAJC12,ortholog_one2one,1
DNAJC13,DNAJC13,ortholog_one2one,1
DNAJC16,DNAJC16,ortholog_one2one,1
DNAJC2,DNAJC2,ortholog_one2one,1
DNAJC22,DNAJC22,ortholog_one2one,1
DNAJC27,DNAJC27,ortholog_one2one,1
DNAJC28,DNAJC28,ortholog_one2one,1
DNAJC3,DNAJC3,ortholog_one2one,1
DNAJC6,DNAJC6,ortholog_one2one,1
DNAJC7,DNAJC7,ortholog_one2one,1
DNAL1,DNAL1,ortholog_one2one,1
DNALI1,DNALI1,ortholog_one2one,1
DNASE1L1,DNASE1L1,ortholog_one2one,1
DNASE1L3,DNASE1L3,ortholog_one2one,1
DNLZ,DNLZ,ortholog_one2one,1
DNM1,DNM1,ortholog_one2one,1
DNM1L,DNM1L,ortholog_one2one,1
DNM2,DNM2,ortholog_one2one,1
DNM3,DNM3,ortholog_one2one,1
DNMBP,DNMBP,ortholog_one2one,1
DNMT1,DNMT1,ortholog_one2one,1
DNMT3A,DNMT3A,ortholog_one2one,1
DNPEP,DNPEP,ortholog_one2one,1
DNPH1,DNPH1,ortholog_one2one,1
DNTT,DNTT,ortholog_one2one,1
DNTTIP1,DNTTIP1,ortholog_one2one,1
DNTTIP2,DNTTIP2,ortholog_one2one,1
DOC2A,DOC2A,ortholog_one2one,1
DOC2B,DOC2B,ortholog_one2one,1
DOCK1,DOCK1,ortholog_one2one,1
DOCK10,DOCK10,ortholog_one2one,1
DOCK11,DOCK11,ortholog_one2one,1
DOCK2,DOCK2,ortholog_one2one,1
DOCK3,DOCK3,ortholog_one2one,1
DOCK4,DOCK4,ortholog_one2one,1
DOCK5,DOCK5,ortholog_one2one,1
DOCK6,DOCK6,ortholog_one2one,1
DOCK7,DOCK7,ortholog_one2one,1
DOCK8,DOCK8,ortholog_one2one,1
DOCK9,DOCK9,ortholog_one2one,1
DOHH,DOHH,ortholog_one2one,1
DOK1,DOK1,ortholog_one2one,1
DOK2,DOK2,ortholog_one2one,1
DOK3,DOK3,ortholog_one2one,1
DPAGT1,DPAGT1,ortholog_one2one,1
DPEP1,DPEP1,ortholog_one2one,1
DPF1,DPF1,ortholog_one2one,1
DPF2,DPF2,ortholog_one2one,1
DPH1,DPH1,ortholog_one2one,1
DPH2,DPH2,ortholog_one2one,1
DPH3,DPH3,ortholog_one2one,1
DPH5,DPH5,ortholog_one2one,1
DPH7,DPH7,ortholog_one2one,1
DPM3,DPM3,ortholog_one2one,1
DPP3,DPP3,ortholog_one2one,1
DPP4,DPP4,ortholog_one2one,1
DPP6,DPP6,ortholog_one2one,1
DPP8,DPP8,ortholog_one2one,1
DPP9,DPP9,ortholog_one2one,1
DPT,DPT,ortholog_one2one,1
DPY19L2,DPY19L2,ortholog_one2one,1
DPYD,DPYD,ortholog_one2one,1
DPYS,DPYS,ortholog_one2one,1
DPYSL2,DPYSL2,ortholog_one2one,1
DPYSL3,DPYSL3,ortholog_one2one,1
DPYSL4,DPYSL4,ortholog_one2one,1
DPYSL5,DPYSL5,ortholog_one2one,1
DR1,DR1,ortholog_one2one,1
DRAM2,DRAM2,ortholog_one2one,1
DRAP1,DRAP1,ortholog_one2one,1
DRG1,DRG1,ortholog_one2one,1
DRG2,DRG2,ortholog_one2one,1
DSC2,DSC2,ortholog_one2one,1
DSG2,DSG2,ortholog_one2one,1
DSP,DSP,ortholog_one2one,1
DST,DST,ortholog_one2one,1
DSTN,DSTN,ortholog_one2one,1
DTD2,DTD2,ortholog_one2one,1
DTNA,DTNA,ortholog_one2one,1
DTNBP1,DTNBP1,ortholog_one2one,1
DTX3,DTX3,ortholog_one2one,1
DTX3L,DTX3L,ortholog_one2one,1
DTYMK,DTYMK,ortholog_one2one,1
DUS3L,DUS3L,ortholog_one2one,1
DUSP12,DUSP12,ortholog_one2one,1
DUSP14,DUSP14,ortholog_one2one,1
DUSP16,DUSP16,ortholog_one2one,1
DUSP19,DUSP19,ortholog_one2one,1
DUSP22,DUSP22,ortholog_one2one,1
DUSP23,DUSP23,ortholog_one2one,1
DUSP28,DUSP28,ortholog_one2one,1
DUT,DUT,ortholog_one2one,1
DXO,DXO,ortholog_one2one,1
DYM,DYM,ortholog_one2one,1
DYNC1H1,DYNC1H1,ortholog_one2one,1
DYNC1I1,DYNC1I1,ortholog_one2one,1
DYNC1I2,DYNC1I2,ortholog_one2one,1
DYNC1LI1,DYNC1LI1,ortholog_one2one,1
DYNC1LI2,DYNC1LI2,ortholog_one2one,1
DYNC2H1,DYNC2H1,ortholog_one2one,1
DYNLL1,DYNLL1,ortholog_one2one,1
DYNLL2,DYNLL2,ortholog_one2one,1
DYNLT3,DYNLT3,ortholog_one2one,1
DYRK1A,DYRK1A,ortholog_one2one,1
DYSF,DYSF,ortholog_one2one,1
DZANK1,DZANK1,ortholog_one2one,1
DZIP3,DZIP3,ortholog_one2one,1
E2F4,E2F4,ortholog_one2one,1
EAR1,RNASE2,ortholog_many2many,0
EAR1,RNASE3,ortholog_many2many,0
EAR2,RNASE2,ortholog_many2many,0
EAR2,RNASE3,ortholog_many2many,0
EAR6,RNASE2,ortholog_many2many,0
EAR6,RNASE3,ortholog_many2many,0
EARS2,EARS2,ortholog_one2one,1
EBF3,EBF3,ortholog_one2one,1
ECD,ECD,ortholog_one2one,1
ECE2,ECE2,ortholog_one2one,1
ECH1,ECH1,ortholog_one2one,1
ECHDC1,ECHDC1,ortholog_one2one,1
ECHDC2,ECHDC2,ortholog_one2one,1
ECHDC3,ECHDC3,ortholog_one2one,1
ECHS1,ECHS1,ortholog_one2one,1
ECI1,ECI1,ortholog_one2one,1
ECI2,ECI2,ortholog_one2many,1
ECI3,ECI2,ortholog_one2many,1
ECSCR,ECSCR,ortholog_one2one,0
ECSIT,ECSIT,ortholog_one2one,1
ECT2,ECT2,ortholog_one2one,1
EDC3,EDC3,ortholog_one2one,1
EDC4,EDC4,ortholog_one2one,1
EDNRB,EDNRB,ortholog_one2one,1
EEA1,EEA1,ortholog_one2one,1
EED,EED,ortholog_one2one,1
EEF1A2,EEF1A2,ortholog_one2one,1
EEF1D,EEF1D,ortholog_one2one,1
EEF1E1,EEF1E1,ortholog_one2one,1
EEF1G,EEF1G,ortholog_one2one,1
EEF2,EEF2,ortholog_one2one,1
EEFSEC,EEFSEC,ortholog_one2one,1
EEPD1,EEPD1,ortholog_one2one,1
EFEMP1,EFEMP1,ortholog_one2one,1
EFHC1,EFHC1,ortholog_one2one,1
EFHC2,EFHC2,ortholog_one2one,1
EFHD1,EFHD1,ortholog_one2one,1
EFNB1,EFNB1,ortholog_one2one,1
EFNB2,EFNB2,ortholog_one2one,1
EFNB3,EFNB3,ortholog_one2one,1
EFR3A,EFR3A,ortholog_one2one,1
EFR3B,EFR3B,ortholog_one2one,1
EFTUD2,EFTUD2,ortholog_one2one,1
EGFLAM,EGFLAM,ortholog_one2one,1
EGFR,EGFR,ortholog_one2one,1
EGLN1,EGLN1,ortholog_one2one,1
EGR2,EGR2,ortholog_one2one,1
EHBP1,EHBP1,ortholog_one2one,1
EHBP1L1,EHBP1L1,ortholog_one2one,1
EHD2,EHD2,ortholog_one2one,1
EHD4,EHD4,ortholog_one2one,1
EHHADH,EHHADH,ortholog_one2one,1
EHMT1,EHMT1,ortholog_one2one,1
EHMT2,EHMT2,ortholog_one2one,1
EI24,EI24,ortholog_one2one,1
EIF1,EIF1,ortholog_one2one,1
EIF1A,EIF1AY,ortholog_one2many,0
EIF1AX,EIF1AX,ortholog_one2one,1
EIF2A,EIF2A,ortholog_one2one,1
EIF2AK1,EIF2AK1,ortholog_one2one,1
EIF2AK2,EIF2AK2,ortholog_one2one,1
EIF2AK4,EIF2AK4,ortholog_one2one,1
EIF2B1,EIF2B1,ortholog_one2one,1
EIF2B3,EIF2B3,ortholog_one2one,1
EIF2B4,EIF2B4,ortholog_one2one,1
EIF2B5,EIF2B5,ortholog_one2one,1
EIF2D,EIF2D,ortholog_one2one,1
EIF2S1,EIF2S1,ortholog_one2one,1
EIF2S2,EIF2S2,ortholog_one2one,1
EIF2S3X,EIF2S3B,ortholog_one2one,0
EIF3A,EIF3A,ortholog_one2one,1
EIF3B,EIF3B,ortholog_one2one,1
EIF3C,EIF3C,ortholog_one2many,1
EIF3C,EIF3CL,ortholog_one2many,1
EIF3D,EIF3D,ortholog_one2one,1
EIF3E,EIF3E,ortholog_one2one,1
EIF3F,EIF3F,ortholog_one2one,1
EIF3G,EIF3G,ortholog_one2one,1
EIF3H,EIF3H,ortholog_one2one,1
EIF3I,EIF3I,ortholog_one2one,1
EIF3J1,EIF3J,ortholog_one2many,1
EIF3K,EIF3K,ortholog_one2one,1
EIF3L,EIF3L,ortholog_one2one,1
EIF3M,EIF3M,ortholog_one2one,1
EIF4A2,EIF4A2,ortholog_one2one,1
EIF4E,EIF4E,ortholog_one2one,1
EIF4E3,EIF4E3,ortholog_one2one,1
EIF4EBP2,EIF4EBP2,ortholog_one2one,1
EIF4ENIF1,EIF4ENIF1,ortholog_one2one,1
EIF4G1,EIF4G1,ortholog_one2one,1
EIF4G2,EIF4G2,ortholog_one2one,1
EIF4G3,EIF4G3,ortholog_one2one,1
EIF4H,EIF4H,ortholog_one2one,1
EIF5,EIF5,ortholog_one2one,1
EIF5A,EIF5A,ortholog_one2many,1
EIF5A,EIF5AL1,ortholog_one2many,1
EIF5A2,EIF5A2,ortholog_one2one,1
EIF5B,EIF5B,ortholog_one2one,1
EIF6,EIF6,ortholog_one2one,1
ELAC2,ELAC2,ortholog_one2one,1
ELANE,ELANE,ortholog_one2one,1
ELAVL2,ELAVL2,ortholog_one2one,1
ELAVL3,ELAVL3,ortholog_one2one,1
ELAVL4,ELAVL4,ortholog_one2one,1
ELF2,ELF2,ortholog_one2one,1
ELFN2,ELFN2,ortholog_one2one,1
ELK3,ELK3,ortholog_one2one,1
ELK4,ELK4,ortholog_one2one,1
ELL,ELL,ortholog_one2one,1
ELMO1,ELMO1,ortholog_one2one,1
ELMO2,ELMO2,ortholog_one2one,1
ELMOD1,ELMOD1,ortholog_one2one,1
ELMOD2,ELMOD2,ortholog_one2one,1
ELOVL1,ELOVL1,ortholog_one2one,1
ELOVL5,ELOVL5,ortholog_one2one,1
ELOVL7,ELOVL7,ortholog_one2one,1
ELP2,ELP2,ortholog_one2one,1
ELP3,ELP3,ortholog_one2one,1
ELP4,ELP4,ortholog_one2one,1
ELP5,ELP5,ortholog_one2one,1
ELP6,ELP6,ortholog_one2one,1
EMC1,EMC1,ortholog_one2one,1
EMC2,EMC2,ortholog_one2one,1
EMC4,EMC4,ortholog_one2one,1
EMC6,EMC6,ortholog_one2one,1
EMC8,EMC8,ortholog_one2one,1
EMC9,EMC9,ortholog_one2one,1
EME1,EME1,ortholog_one2one,1
EMG1,EMG1,ortholog_one2one,1
EMILIN1,EMILIN1,ortholog_one2one,1
EML1,EML1,ortholog_one2one,1
EML2,EML2,ortholog_one2one,1
EML3,EML3,ortholog_one2one,1
EML4,EML4,ortholog_one2one,1
EML5,EML5,ortholog_one2one,1
ENAH,ENAH,ortholog_one2one,1
ENC1,ENC1,ortholog_one2one,1
ENDOD1,ENDOD1,ortholog_one2one,1
ENDOG,ENDOG,ortholog_one2one,1
ENG,ENG,ortholog_one2one,1
ENGASE,ENGASE,ortholog_one2one,1
ENHO,ENHO,ortholog_one2one,1
ENKUR,ENKUR,ortholog_one2one,1
ENO1,ENO1,ortholog_one2many,1
ENO2,ENO2,ortholog_one2one,1
ENOPH1,ENOPH1,ortholog_one2one,1
ENPEP,ENPEP,ortholog_one2one,1
ENPP2,ENPP2,ortholog_one2one,1
ENPP6,ENPP6,ortholog_one2one,1
ENTPD2,ENTPD2,ortholog_one2one,1
ENTPD5,ENTPD5,ortholog_one2one,1
ENTPD7,ENTPD7,ortholog_one2one,1
ENY2,ENY2,ortholog_one2one,1
EOGT,EOGT,ortholog_one2one,1
EP300,EP300,ortholog_one2one,1
EP400,EP400,ortholog_one2one,1
EPB41,EPB41,ortholog_one2one,1
EPB41L1,EPB41L1,ortholog_one2one,1
EPB41L2,EPB41L2,ortholog_one2one,1
EPB41L3,EPB41L3,ortholog_one2one,1
EPB41L4B,EPB41L4B,ortholog_one2one,1
EPB41L5,EPB41L5,ortholog_one2one,1
EPB42,EPB42,ortholog_one2one,1
EPCAM,EPCAM,ortholog_one2one,1
EPDR1,EPDR1,ortholog_one2one,1
EPG5,EPG5,ortholog_one2one,1
EPHA4,EPHA4,ortholog_one2one,1
EPHA5,EPHA5,ortholog_one2one,1
EPHB2,EPHB2,ortholog_one2one,1
EPHB3,EPHB3,ortholog_one2one,1
EPHB4,EPHB4,ortholog_one2one,1
EPHX1,EPHX1,ortholog_one2one,1
EPHX2,EPHX2,ortholog_one2one,1
EPHX4,EPHX4,ortholog_one2one,1
EPM2A,EPM2A,ortholog_one2one,1
EPM2AIP1,EPM2AIP1,ortholog_one2one,1
EPN2,EPN2,ortholog_one2one,1
EPN3,EPN3,ortholog_one2one,1
EPPK1,EPPK1,ortholog_one2one,1
EPS15,EPS15,ortholog_one2one,1
EPS15L1,EPS15L1,ortholog_one2one,1
EPS8,EPS8,ortholog_one2one,1
EPS8L1,EPS8L1,ortholog_one2one,1
EPS8L2,EPS8L2,ortholog_one2one,1
EPSTI1,EPSTI1,ortholog_one2one,1
EPX,EPX,ortholog_one2one,1
ERAL1,ERAL1,ortholog_one2one,1
ERAP1,ERAP1,ortholog_one2one,1
ERC1,ERC1,ortholog_one2one,1
ERC2,ERC2,ortholog_one2one,1
ERCC1,ERCC1,ortholog_one2one,1
ERCC2,ERCC2,ortholog_one2one,1
ERCC3,ERCC3,ortholog_one2one,1
ERCC4,ERCC4,ortholog_one2one,1
ERCC6L,ERCC6L,ortholog_one2one,1
ERF,ERF,ortholog_one2one,1
ERGIC1,ERGIC1,ortholog_one2one,1
ERI1,ERI1,ortholog_one2one,1
ERI3,ERI3,ortholog_one2one,1
ERLIN2,ERLIN2,ortholog_one2one,1
ERMAP,ERMAP,ortholog_one2one,1
ERN1,ERN1,ortholog_one2one,1
ERP27,ERP27,ortholog_one2one,1
ERP29,ERP29,ortholog_one2one,1
ERP44,ERP44,ortholog_one2one,1
ERRFI1,ERRFI1,ortholog_one2one,1
ESAM,ESAM,ortholog_one2one,1
ESCO2,ESCO2,ortholog_one2one,1
ESD,ESD,ortholog_one2one,1
ESF1,ESF1,ortholog_one2one,1
ESR1,ESR1,ortholog_one2one,1
ESRP1,ESRP1,ortholog_one2one,1
ESRP2,ESRP2,ortholog_one2one,1
ESRRG,ESRRG,ortholog_one2one,1
ESYT1,ESYT1,ortholog_one2one,1
ESYT2,ESYT2,ortholog_one2one,1
ESYT3,ESYT3,ortholog_one2one,1
ETF1,ETF1,ortholog_one2one,1
ETFA,ETFA,ortholog_one2one,1
ETFB,ETFB,ortholog_one2one,1
ETFDH,ETFDH,ortholog_one2one,1
ETHE1,ETHE1,ortholog_one2one,1
ETNK2,ETNK2,ortholog_one2one,1
ETNPPL,ETNPPL,ortholog_one2one,1
ETS1,ETS1,ortholog_one2one,1
ETV6,ETV6,ortholog_one2one,1
EVC2,EVC2,ortholog_one2one,1
EVI5,EVI5,ortholog_one2one,1
EVI5L,EVI5L,ortholog_one2one,1
EVPL,EVPL,ortholog_one2one,1
EWSR1,EWSR1,ortholog_one2one,1
EXOC1,EXOC1,ortholog_one2one,1
EXOC2,EXOC2,ortholog_one2one,1
EXOC3,EXOC3,ortholog_one2one,1
EXOC3L4,EXOC3L4,ortholog_one2one,1
EXOC4,EXOC4,ortholog_one2one,1
EXOC5,EXOC5,ortholog_one2one,1
EXOC6,EXOC6,ortholog_one2one,1
EXOC6B,EXOC6B,ortholog_one2one,1
EXOC7,EXOC7,ortholog_one2one,1
EXOC8,EXOC8,ortholog_one2one,1
EXOSC1,EXOSC1,ortholog_one2one,1
EXOSC10,EXOSC10,ortholog_one2one,1
EXOSC2,EXOSC2,ortholog_one2one,1
EXOSC3,EXOSC3,ortholog_one2one,1
EXOSC4,EXOSC4,ortholog_one2one,1
EXOSC5,EXOSC5,ortholog_one2one,1
EXOSC6,EXOSC6,ortholog_one2one,1
EXOSC7,EXOSC7,ortholog_one2one,1
EXOSC8,EXOSC8,ortholog_one2one,1
EXOSC9,EXOSC9,ortholog_one2one,1
EYA3,EYA3,ortholog_one2one,1
EZH1,EZH1,ortholog_one2one,1
EZH2,EZH2,ortholog_one2one,1
EZR,EZR,ortholog_one2one,1
F11R,F11R,ortholog_one2one,1
F12,F12,ortholog_one2one,1
F13A1,F13A1,ortholog_one2one,1
F2,F2,ortholog_one2one,1
F2R,F2R,ortholog_one2one,1
F2RL3,F2RL3,ortholog_one2one,1
F5,F5,ortholog_one2one,1
F8A,F8A1,ortholog_one2many,1
F8A,F8A2,ortholog_one2many,1
F8A,F8A3,ortholog_one2many,1
FAAH,FAAH,ortholog_one2one,1
FABP1,FABP1,ortholog_one2one,1
FABP4,FABP4,ortholog_one2one,1
FABP5,FABP5,ortholog_one2one,1
FABP7,FABP7,ortholog_one2one,1
FABP9,FABP9,ortholog_one2one,1
FADS1,FADS1,ortholog_one2one,1
FADS6,FADS6,ortholog_one2one,1
FAF1,FAF1,ortholog_one2one,1
FAF2,FAF2,ortholog_one2one,1
FAH,FAH,ortholog_one2one,1
FAHD1,FAHD1,ortholog_one2one,1
FAM110B,FAM110B,ortholog_one2one,1
FAM114A1,FAM114A1,ortholog_one2one,1
FAM114A2,FAM114A2,ortholog_one2one,1
FAM117A,FAM117A,ortholog_one2one,1
FAM117B,FAM117B,ortholog_one2one,1
FAM120A,FAM120A,ortholog_one2one,1
FAM120C,FAM120C,ortholog_one2one,1
FAM131B,FAM131B,ortholog_one2one,1
FAM136A,FAM136A,ortholog_one2one,1
FAM13C,FAM13C,ortholog_one2one,1
FAM151A,FAM151A,ortholog_one2one,1
FAM151B,FAM151B,ortholog_one2one,1
FAM168B,FAM168B,ortholog_one2one,1
FAM171A1,FAM171A1,ortholog_one2one,1
FAM171A2,FAM171A2,ortholog_one2one,1
FAM171B,FAM171B,ortholog_one2one,1
FAM185A,FAM185A,ortholog_one2one,1
FAM193B,FAM193B,ortholog_one2one,1
FAM3C,FAM3C,ortholog_one2one,1
FAM43A,FAM43A,ortholog_one2one,1
FAM76A,FAM76A,ortholog_one2one,1
FAM76B,FAM76B,ortholog_one2one,1
FAM83H,FAM83H,ortholog_one2one,1
FAM91A1,FAM91A1,ortholog_one2one,1
FAM98A,FAM98A,ortholog_one2one,1
FAM98B,FAM98B,ortholog_one2one,1
FAM98C,FAM98C,ortholog_one2one,1
FANCI,FANCI,ortholog_one2one,1
FAR1,FAR1,ortholog_one2one,1
FARP1,FARP1,ortholog_one2one,1
FARP2,FARP2,ortholog_one2one,1
FARS2,FARS2,ortholog_one2one,1
FARSA,FARSA,ortholog_one2one,1
FARSB,FARSB,ortholog_one2one,1
FAS,FAS,ortholog_one2one,0
FASN,FASN,ortholog_one2one,1
FASTK,FASTK,ortholog_one2one,1
FASTKD2,FASTKD2,ortholog_one2one,1
FAT1,FAT1,ortholog_one2one,1
FAT3,FAT3,ortholog_one2one,1
FBL,FBL,ortholog_one2one,1
FBLIM1,FBLIM1,ortholog_one2one,1
FBLL1,FBLL1,ortholog_one2one,1
FBN1,FBN1,ortholog_one2one,1
FBP1,FBP1,ortholog_one2one,1
FBP2,FBP2,ortholog_one2one,1
FBXL14,FBXL14,ortholog_one2one,1
FBXL15,FBXL15,ortholog_one2one,1
FBXL16,FBXL16,ortholog_one2one,1
FBXL17,FBXL17,ortholog_one2one,1
FBXL18,FBXL18,ortholog_one2one,1
FBXL2,FBXL2,ortholog_one2one,1
FBXL20,FBXL20,ortholog_one2one,1
FBXL22,FBXL22,ortholog_one2one,1
FBXL4,FBXL4,ortholog_one2one,1
FBXL8,FBXL8,ortholog_one2one,1
FBXO10,FBXO10,ortholog_one2one,1
FBXO2,FBXO2,ortholog_one2one,1
FBXO21,FBXO21,ortholog_one2one,1
FBXO22,FBXO22,ortholog_one2one,1
FBXO3,FBXO3,ortholog_one2one,1
FBXO30,FBXO30,ortholog_one2one,1
FBXO38,FBXO38,ortholog_one2one,1
FBXO4,FBXO4,ortholog_one2one,1
FBXO40,FBXO40,ortholog_one2one,1
FBXO41,FBXO41,ortholog_one2one,1
FBXO42,FBXO42,ortholog_one2one,1
FBXO44,FBXO44,ortholog_one2one,1
FBXO45,FBXO45,ortholog_one2one,1
FBXO6,FBXO6,ortholog_one2one,1
FBXW11,FBXW11,ortholog_one2one,1
FBXW5,FBXW5,ortholog_one2one,1
FBXW8,FBXW8,ortholog_one2one,1
FCF1,FCF1,ortholog_one2one,1
FCGR1,FCGR1A,ortholog_one2one,1
FCHO1,FCHO1,ortholog_one2one,1
FCHO2,FCHO2,ortholog_one2one,1
FCHSD2,FCHSD2,ortholog_one2one,1
FDFT1,FDFT1,ortholog_one2one,1
FDPS,FDPS,ortholog_one2one,1
FDXACB1,FDXACB1,ortholog_one2one,1
FECH,FECH,ortholog_one2one,1
FEM1B,FEM1B,ortholog_one2one,1
FEN1,FEN1,ortholog_one2one,1
FER,FER,ortholog_one2one,1
FERMT1,FERMT1,ortholog_one2one,1
FERMT2,FERMT2,ortholog_one2one,1
FERMT3,FERMT3,ortholog_one2one,1
FES,FES,ortholog_one2one,1
FETUB,FETUB,ortholog_one2one,1
FGB,FGB,ortholog_one2one,1
FGD1,FGD1,ortholog_one2one,1
FGD2,FGD2,ortholog_one2one,1
FGD3,FGD3,ortholog_one2one,1
FGD4,FGD4,ortholog_one2one,1
FGD5,FGD5,ortholog_one2one,1
FGD6,FGD6,ortholog_one2one,1
FGF1,FGF1,ortholog_one2one,1
FGFR1,FGFR1,ortholog_one2one,1
FGFR1OP2,FGFR1OP2,ortholog_one2one,1
FGG,FGG,ortholog_one2one,1
FGGY,FGGY,ortholog_one2one,1
FGR,FGR,ortholog_one2one,1
FHIT,FHIT,ortholog_one2one,1
FHL1,FHL1,ortholog_one2many,1
FHL2,FHL2,ortholog_one2one,1
FHL3,FHL3,ortholog_one2one,1
FHL4,FHL1,ortholog_one2many,0
FHL5,FHL5,ortholog_one2one,1
FHOD1,FHOD1,ortholog_one2one,1
FHOD3,FHOD3,ortholog_one2one,1
FIBP,FIBP,ortholog_one2one,1
FILIP1,FILIP1,ortholog_one2one,1
FILIP1L,FILIP1L,ortholog_one2one,1
FIS1,FIS1,ortholog_one2one,1
FITM2,FITM2,ortholog_one2one,1
FKBP15,FKBP15,ortholog_one2one,1
FKBP1A,FKBP1A,ortholog_one2many,1
FKBP1A,FKBP1C,ortholog_one2many,0
FKBP2,FKBP2,ortholog_one2one,1
FKBP3,FKBP3,ortholog_one2one,1
FKBP4,FKBP4,ortholog_one2one,1
FKBP5,FKBP5,ortholog_one2one,1
FKBP8,FKBP8,ortholog_one2one,1
FLAD1,FLAD1,ortholog_one2one,1
FLCN,FLCN,ortholog_one2one,1
FLI1,FLI1,ortholog_one2one,1
FLII,FLII,ortholog_one2one,1
FLNA,FLNA,ortholog_one2one,1
FLNB,FLNB,ortholog_one2one,1
FLNC,FLNC,ortholog_one2one,1
FLOT1,FLOT1,ortholog_one2one,1
FLOT2,FLOT2,ortholog_one2one,1
FLT1,FLT1,ortholog_one2one,1
FLYWCH1,FLYWCH1,ortholog_one2one,1
FMN2,FMN2,ortholog_one2one,1
FMNL1,FMNL1,ortholog_one2one,1
FMNL2,FMNL2,ortholog_one2one,1
FMNL3,FMNL3,ortholog_one2one,1
FMO1,FMO1,ortholog_one2one,1
FMO2,FMO2,ortholog_one2one,1
FMO3,FMO3,ortholog_one2one,1
FMO4,FMO4,ortholog_one2one,1
FMO5,FMO5,ortholog_one2one,1
FMOD,FMOD,ortholog_one2one,1
FN1,FN1,ortholog_one2one,1
FN3K,FN3K,ortholog_one2one,1
FN3KRP,FN3KRP,ortholog_one2one,1
FNBP1,FNBP1,ortholog_one2one,1
FNBP1L,FNBP1L,ortholog_one2one,1
FNDC3A,FNDC3A,ortholog_one2one,1
FNDC3B,FNDC3B,ortholog_one2one,1
FNDC8,FNDC8,ortholog_one2one,1
FNIP1,FNIP1,ortholog_one2one,1
FNTA,FNTA,ortholog_one2one,1
FOCAD,FOCAD,ortholog_one2one,1
FOLH1,FOLH1,ortholog_one2one,1
FOXF1,FOXF1,ortholog_one2one,1
FOXK1,FOXK1,ortholog_one2one,1
FOXO1,FOXO1,ortholog_one2one,1
FOXP4,FOXP4,ortholog_one2one,1
FOXRED1,FOXRED1,ortholog_one2one,1
FOXS1,FOXS1,ortholog_one2one,1
FPGS,FPGS,ortholog_one2one,1
FRA10AC1,FRA10AC1,ortholog_one2one,1
FRG1,FRG1,ortholog_one2many,1
FRMD4A,FRMD4A,ortholog_one2one,1
FRMD5,FRMD5,ortholog_one2one,1
FRMD6,FRMD6,ortholog_one2one,1
FRMD8,FRMD8,ortholog_one2one,1
FRRS1L,FRRS1L,ortholog_one2one,1
FRS2,FRS2,ortholog_one2one,1
FRS3,FRS3,ortholog_one2one,1
FRY,FRY,ortholog_one2one,1
FRYL,FRYL,ortholog_one2one,1
FSCN1,FSCN1,ortholog_one2one,1
FSD1,FSD1,ortholog_one2one,1
FSD1L,FSD1L,ortholog_one2one,1
FSD2,FSD2,ortholog_one2one,1
FSIP2,FSIP2,ortholog_one2one,1
FTCD,FTCD,ortholog_one2one,1
FTH1,FTH1,ortholog_one2one,1
FTL1,FTL,ortholog_one2many,1
FTMT,FTMT,ortholog_one2one,1
FTO,FTO,ortholog_one2one,1
FTSJ1,FTSJ1,ortholog_one2one,1
FUBP1,FUBP1,ortholog_one2one,1
FUBP3,FUBP3,ortholog_one2one,1
FUCA2,FUCA2,ortholog_one2one,1
FUOM,FUOM,ortholog_one2one,1
FXR1,FXR1,ortholog_one2one,1
FXR2,FXR2,ortholog_one2one,1
FXYD7,FXYD7,ortholog_one2one,1
FYCO1,FYCO1,ortholog_one2one,1
FYN,FYN,ortholog_one2one,1
G3BP1,G3BP1,ortholog_one2one,1
G3BP2,G3BP2,ortholog_one2one,1
G6PC3,G6PC3,ortholog_one2one,1
G6PDX,G6PD,ortholog_one2many,1
GAB1,GAB1,ortholog_one2one,1
GABBR1,GABBR1,ortholog_one2one,1
GABBR2,GABBR2,ortholog_one2one,1
GABPA,GABPA,ortholog_one2one,1
GABPB1,GABPB1,ortholog_one2one,1
GAD1,GAD1,ortholog_one2one,1
GAD2,GAD2,ortholog_one2one,1
GADD45GIP1,GADD45GIP1,ortholog_one2one,1
GAK,GAK,ortholog_one2one,1
GALC,GALC,ortholog_one2one,1
GALE,GALE,ortholog_one2one,1
GALK1,GALK1,ortholog_one2one,1
GALK2,GALK2,ortholog_one2one,1
GALM,GALM,ortholog_one2one,1
GALNS,GALNS,ortholog_one2one,1
GALNT14,GALNT14,ortholog_one2one,1
GALT,GALT,ortholog_one2one,1
GAMT,GAMT,ortholog_one2one,1
GAN,GAN,ortholog_one2one,1
GANAB,GANAB,ortholog_one2one,1
GANC,GANC,ortholog_one2one,1
GAPDH,GAPDH,ortholog_one2many,1
GAPVD1,GAPVD1,ortholog_one2one,1
GAR1,GAR1,ortholog_one2one,1
GARNL3,GARNL3,ortholog_one2one,1
GART,GART,ortholog_one2one,1
GAS2,GAS2,ortholog_one2one,1
GAS7,GAS7,ortholog_one2one,1
GATA1,GATA1,ortholog_one2one,1
GATAD2B,GATAD2B,ortholog_one2one,1
GATM,GATM,ortholog_one2one,1
GBA2,GBA2,ortholog_one2one,1
GBE1,GBE1,ortholog_one2one,1
GBF1,GBF1,ortholog_one2one,1
GBP11,GBP6,ortholog_one2many,0
GBP2,GBP2,ortholog_one2many,1
GBP4,GBP6,ortholog_one2many,1
GBP5,GBP5,ortholog_one2one,1
GBP6,GBP6,ortholog_one2many,0
GBP7,GBP4,ortholog_many2many,1
GBP9,GBP6,ortholog_one2many,0
GC,GC,ortholog_one2one,1
GCAT,GCAT,ortholog_one2one,1
GCC1,GCC1,ortholog_one2one,1
GCC2,GCC2,ortholog_one2one,1
GCDH,GCDH,ortholog_one2one,1
GCFC2,GCFC2,ortholog_one2one,1
GCGR,GCGR,ortholog_one2one,1
GCH1,GCH1,ortholog_one2one,1
GCHFR,GCHFR,ortholog_one2one,1
GCK,GCK,ortholog_one2one,1
GCKR,GCKR,ortholog_one2one,1
GCLC,GCLC,ortholog_one2one,1
GCLM,GCLM,ortholog_one2one,1
GCNT1,GCNT1,ortholog_one2one,1
GCNT4,GCNT4,ortholog_one2one,1
GCSH,GCSH,ortholog_one2one,1
GDA,GDA,ortholog_one2one,1
GDAP1,GDAP1,ortholog_one2one,1
GDAP2,GDAP2,ortholog_one2one,1
GDE1,GDE1,ortholog_one2one,1
GDI1,GDI1,ortholog_one2one,1
GDI2,GDI2,ortholog_one2one,1
GDPGP1,GDPGP1,ortholog_one2one,1
GEMIN2,GEMIN2,ortholog_one2one,1
GEMIN4,GEMIN4,ortholog_one2one,1
GEMIN5,GEMIN5,ortholog_one2one,1
GEMIN6,GEMIN6,ortholog_one2one,1
GET4,GET4,ortholog_one2one,1
GFAP,GFAP,ortholog_one2one,1
GFER,GFER,ortholog_one2one,1
GFM1,GFM1,ortholog_one2one,1
GFM2,GFM2,ortholog_one2one,1
GFOD2,GFOD2,ortholog_one2one,1
GFPT1,GFPT1,ortholog_one2one,1
GFPT2,GFPT2,ortholog_one2one,1
GFRA2,GFRA2,ortholog_one2one,1
GFRA3,GFRA3,ortholog_one2one,1
GGA2,GGA2,ortholog_one2one,1
GGACT,GGACT,ortholog_one2one,1
GGCT,GGCT,ortholog_one2one,1
GGCX,GGCX,ortholog_one2one,1
GGNBP2,GGNBP2,ortholog_one2one,1
GGPS1,GGPS1,ortholog_one2one,1
GGT1,GGT1,ortholog_one2many,1
GGT1,GGTLC1,ortholog_one2many,0
GGT1,GGTLC2,ortholog_one2many,0
GGT1,GGTLC3,ortholog_one2many,0
GHDC,GHDC,ortholog_one2one,1
GHITM,GHITM,ortholog_one2one,1
GHR,GHR,ortholog_one2one,1
GIGYF1,GIGYF1,ortholog_one2one,1
GIGYF2,GIGYF2,ortholog_one2one,1
GIMAP1,GIMAP1,ortholog_one2one,1
GIMAP4,GIMAP4,ortholog_one2one,1
GIMAP5,GIMAP5,ortholog_one2many,1
GIMAP7,GIMAP7,ortholog_one2one,1
GIMAP8,GIMAP8,ortholog_one2one,1
GIMD1,GIMD1,ortholog_one2one,1
GINM1,GINM1,ortholog_one2one,1
GINS1,GINS1,ortholog_one2one,1
GINS4,GINS4,ortholog_one2one,1
GIPC1,GIPC1,ortholog_one2one,1
GIT1,GIT1,ortholog_one2one,1
GIT2,GIT2,ortholog_one2one,1
GJA1,GJA1,ortholog_one2one,1
GJA5,GJA5,ortholog_one2one,1
GK,GK,ortholog_one2many,1
GK,GK3,ortholog_one2many,0
GK2,GK2,ortholog_one2one,1
GLA,GLA,ortholog_one2one,1
GLB1,GLB1,ortholog_one2one,1
GLB1L2,GLB1L2,ortholog_one2one,1
GLCCI1,GLCCI1,ortholog_one2one,1
GLCE,GLCE,ortholog_one2one,1
GLDC,GLDC,ortholog_one2one,1
GLE1,GLE1,ortholog_one2one,1
GLG1,GLG1,ortholog_one2one,1
GLIPR2,GLIPR2,ortholog_one2one,1
GLMN,GLMN,ortholog_one2one,1
GLO1,GLO1,ortholog_one2one,1
GLOD4,GLOD4,ortholog_one2one,1
GLP2R,GLP2R,ortholog_one2one,1
GLRA1,GLRA1,ortholog_one2one,1
GLRX3,GLRX3,ortholog_one2one,1
GLRX5,GLRX5,ortholog_one2one,1
GLS,GLS,ortholog_one2one,1
GLS2,GLS2,ortholog_one2one,1
GLTP,GLTP,ortholog_one2one,1
GLUD1,GLUD1,ortholog_one2many,1
GLUD1,GLUD2,ortholog_one2many,1
GLUL,GLUL,ortholog_one2one,1
GLYAT,GLYAT,ortholog_one2one,1
GLYCTK,GLYCTK,ortholog_one2one,1
GLYR1,GLYR1,ortholog_one2one,1
GM12695,C1orf87,ortholog_one2one,1
GMDS,GMDS,ortholog_one2one,1
GMEB2,GMEB2,ortholog_one2one,1
GMIP,GMIP,ortholog_one2one,1
GMPPA,GMPPA,ortholog_one2one,1
GMPPB,GMPPB,ortholog_one2one,1
GMPR,GMPR,ortholog_one2one,1
GMPR2,GMPR2,ortholog_one2one,1
GMPS,GMPS,ortholog_one2one,1
GNA11,GNA11,ortholog_one2one,1
GNA12,GNA12,ortholog_one2one,1
GNA13,GNA13,ortholog_one2one,1
GNA14,GNA14,ortholog_one2one,1
GNAI1,GNAI1,ortholog_one2one,1
GNAI2,GNAI2,ortholog_one2one,1
GNAI3,GNAI3,ortholog_one2one,1
GNAL,GNAL,ortholog_one2one,1
GNAO1,GNAO1,ortholog_one2one,1
GNAS,GNAS,ortholog_one2one,0
GNAZ,GNAZ,ortholog_one2one,1
GNB1,GNB1,ortholog_one2one,1
GNB2,GNB2,ortholog_one2one,1
GNB4,GNB4,ortholog_one2one,1
GNB5,GNB5,ortholog_one2one,1
GNE,GNE,ortholog_one2one,1
GNG12,GNG12,ortholog_one2one,1
GNG2,GNG2,ortholog_one2one,1
GNG3,GNG3,ortholog_one2one,1
GNG4,GNG4,ortholog_one2one,1
GNG5,GNG5,ortholog_one2one,1
GNG7,GNG7,ortholog_one2one,1
GNL1,GNL1,ortholog_one2one,1
GNL2,GNL2,ortholog_one2one,1
GNL3,GNL3,ortholog_one2one,1
GNL3L,GNL3L,ortholog_one2one,1
GNMT,GNMT,ortholog_one2one,1
GNPAT,GNPAT,ortholog_one2one,1
GNPDA1,GNPDA1,ortholog_one2one,1
GNPDA2,GNPDA2,ortholog_one2one,1
GNPNAT1,GNPNAT1,ortholog_one2one,1
GNS,GNS,ortholog_one2one,1
GOLGA1,GOLGA1,ortholog_one2one,1
GOLGA3,GOLGA3,ortholog_one2one,1
GOLGA4,GOLGA4,ortholog_one2one,1
GOLGA7,GOLGA7,ortholog_one2one,1
GOLGA7B,GOLGA7B,ortholog_one2one,1
GOLGB1,GOLGB1,ortholog_one2one,1
GOLPH3,GOLPH3,ortholog_one2one,1
GON4L,GON4L,ortholog_one2many,1
GON4L,YY1AP1,ortholog_one2many,0
GOPC,GOPC,ortholog_one2one,1
GORAB,GORAB,ortholog_one2one,1
GORASP1,GORASP1,ortholog_one2one,1
GORASP2,GORASP2,ortholog_one2one,1
GOT1,GOT1,ortholog_one2one,1
GOT2,GOT2,ortholog_one2one,1
GP1BA,GP1BA,ortholog_one2one,1
GP9,GP9,ortholog_one2one,1
GPAM,GPAM,ortholog_one2one,1
GPATCH11,GPATCH11,ortholog_one2one,1
GPATCH8,GPATCH8,ortholog_one2one,1
GPC1,GPC1,ortholog_one2one,1
GPC4,GPC4,ortholog_one2one,1
GPCPD1,GPCPD1,ortholog_one2one,1
GPD1,GPD1,ortholog_one2one,1
GPD1L,GPD1L,ortholog_one2one,1
GPD2,GPD2,ortholog_one2one,1
GPHN,GPHN,ortholog_one2one,1
GPM6A,GPM6A,ortholog_one2one,1
GPM6B,GPM6B,ortholog_one2one,1
GPN1,GPN1,ortholog_one2one,1
GPN3,GPN3,ortholog_one2one,1
GPR158,GPR158,ortholog_one2one,1
GPR182,GPR182,ortholog_one2one,1
GPR37L1,GPR37L1,ortholog_one2one,1
GPRASP1,GPRASP1,ortholog_one2one,1
GPRC5A,GPRC5A,ortholog_one2one,1
GPRIN1,GPRIN1,ortholog_one2one,1
GPRIN3,GPRIN3,ortholog_one2one,1
GPS1,GPS1,ortholog_one2one,1
GPSM1,GPSM1,ortholog_one2one,1
GPSM3,GPSM3,ortholog_one2one,1
GPT,GPT,ortholog_one2one,1
GPT2,GPT2,ortholog_one2one,1
GPX1,GPX1,ortholog_one2one,1
GPX2,GPX2,ortholog_one2one,1
GPX3,GPX3,ortholog_one2one,1
GPX4,GPX4,ortholog_one2one,1
GPX7,GPX7,ortholog_one2one,1
GPX8,GPX8,ortholog_one2one,1
GRAMD1B,GRAMD1B,ortholog_one2one,1
GRAP,GRAP,ortholog_one2many,1
GRAP,GRAPL,ortholog_one2many,0
GRB10,GRB10,ortholog_one2one,1
GRB14,GRB14,ortholog_one2one,1
GRB2,GRB2,ortholog_one2one,1
GRB7,GRB7,ortholog_one2one,1
GRHL3,GRHL3,ortholog_one2one,1
GRHPR,GRHPR,ortholog_one2one,1
GRIA1,GRIA1,ortholog_one2one,1
GRIA2,GRIA2,ortholog_one2one,1
GRIA3,GRIA3,ortholog_one2one,1
GRIA4,GRIA4,ortholog_one2one,1
GRIK5,GRIK5,ortholog_one2one,1
GRIN1,GRIN1,ortholog_one2one,1
GRIN2A,GRIN2A,ortholog_one2one,1
GRIN2B,GRIN2B,ortholog_one2one,1
GRIPAP1,GRIPAP1,ortholog_one2one,1
GRK5,GRK5,ortholog_one2one,1
GRK6,GRK6,ortholog_one2one,1
GRM2,GRM2,ortholog_one2one,1
GRM4,GRM4,ortholog_one2one,1
GRM5,GRM5,ortholog_one2one,1
GRM7,GRM7,ortholog_one2one,1
GRM8,GRM8,ortholog_one2one,1
GRPEL1,GRPEL1,ortholog_one2one,1
GRSF1,GRSF1,ortholog_one2one,1
GRTP1,GRTP1,ortholog_one2one,1
GRWD1,GRWD1,ortholog_one2one,1
GSE1,GSE1,ortholog_one2one,1
GSK3A,GSK3A,ortholog_one2one,1
GSK3B,GSK3B,ortholog_one2one,1
GSN,GSN,ortholog_one2one,1
GSPT1,GSPT1,ortholog_one2one,1
GSPT2,GSPT2,ortholog_one2one,1
GSR,GSR,ortholog_one2one,1
GSS,GSS,ortholog_one2one,1
GSTA3,GSTA5,ortholog_one2one,0
GSTCD,GSTCD,ortholog_one2one,1
GSTK1,GSTK1,ortholog_one2one,1
GSTM1,GSTM1,ortholog_one2many,1
GSTM2,GSTM1,ortholog_one2many,1
GSTM4,GSTM4,ortholog_one2one,1
GSTM5,GSTM3,ortholog_one2one,1
GSTM6,GSTM1,ortholog_one2many,1
GSTM7,GSTM2,ortholog_one2one,1
GSTO1,GSTO1,ortholog_one2one,1
GSTO2,GSTO2,ortholog_one2one,1
GSTP1,GSTP1,ortholog_one2many,1
GSTT2,GSTT2,ortholog_one2many,1
GSTT2,GSTT2B,ortholog_one2many,1
GSTZ1,GSTZ1,ortholog_one2one,1
GTF2A2,GTF2A2,ortholog_one2one,1
GTF2B,GTF2B,ortholog_one2one,1
GTF2F2,GTF2F2,ortholog_one2one,1
GTF2H1,GTF2H1,ortholog_one2one,1
GTF2H2,GTF2H2,ortholog_one2many,1
GTF2H2,GTF2H2C,ortholog_one2many,1
GTF2H3,GTF2H3,ortholog_one2one,1
GTF2I,GTF2I,ortholog_one2one,1
GTF3A,GTF3A,ortholog_one2one,1
GTF3C1,GTF3C1,ortholog_one2one,1
GTF3C2,GTF3C2,ortholog_one2one,1
GTF3C3,GTF3C3,ortholog_one2one,1
GTF3C4,GTF3C4,ortholog_one2one,1
GTF3C5,GTF3C5,ortholog_one2one,1
GTPBP1,GTPBP1,ortholog_one2one,1
GTPBP2,GTPBP2,ortholog_one2one,1
GTPBP3,GTPBP3,ortholog_one2one,1
GTPBP4,GTPBP4,ortholog_one2one,1
GTPBP6,GTPBP6,ortholog_one2one,1
GTPBP8,GTPBP8,ortholog_one2one,1
GUCY1A2,GUCY1A2,ortholog_one2one,1
GUF1,GUF1,ortholog_one2one,1
GUK1,GUK1,ortholog_one2one,1
GULP1,GULP1,ortholog_one2one,1
GUSB,GUSB,ortholog_one2one,1
GYG1,GYG1,ortholog_one2one,1
GYS1,GYS1,ortholog_one2one,1
GYS2,GYS2,ortholog_one2one,1
GZMB,GZMB,ortholog_one2many,1
H2-AB1,HLA-DQB2,ortholog_one2one,1
H2-DMB2,HLA-DMB,ortholog_one2many,1
H6PD,H6PD,ortholog_one2one,1
HAAO,HAAO,ortholog_one2one,1
HABP2,HABP2,ortholog_one2one,1
HABP4,HABP4,ortholog_one2one,1
HACE1,HACE1,ortholog_one2one,1
HACL1,HACL1,ortholog_one2one,1
HADH,HADH,ortholog_one2one,1
HADHA,HADHA,ortholog_one2one,1
HADHB,HADHB,ortholog_one2one,1
HAGH,HAGH,ortholog_one2one,1
HAGHL,HAGHL,ortholog_one2one,1
HAL,HAL,ortholog_one2one,1
HAO1,HAO1,ortholog_one2one,1
HAO2,HAO2,ortholog_one2one,1
HAP1,HAP1,ortholog_one2one,1
HAPLN1,HAPLN1,ortholog_one2one,1
HAPLN2,HAPLN2,ortholog_one2one,1
HAPLN4,HAPLN4,ortholog_one2one,1
HARS2,HARS2,ortholog_one2one,1
HAT1,HAT1,ortholog_one2one,1
HAUS3,HAUS3,ortholog_one2one,1
HAUS5,HAUS5,ortholog_one2one,1
HAUS6,HAUS6,ortholog_one2one,1
HAUS7,HAUS7,ortholog_one2one,1
HAUS8,HAUS8,ortholog_one2one,0
HBB-Y,HBE1,ortholog_one2one,1
HBP1,HBP1,ortholog_one2one,1
HBS1L,HBS1L,ortholog_one2one,1
HCAR1,HCAR1,ortholog_one2one,1
HCCS,HCCS,ortholog_one2one,1
HCFC1,HCFC1,ortholog_one2one,1
HCFC2,HCFC2,ortholog_one2one,1
HCK,HCK,ortholog_one2one,1
HCN1,HCN1,ortholog_one2one,1
HCN2,HCN2,ortholog_one2one,1
HDAC1,HDAC1,ortholog_one2one,1
HDAC10,HDAC10,ortholog_one2one,1
HDAC2,HDAC2,ortholog_one2one,1
HDAC3,HDAC3,ortholog_one2one,1
HDAC6,HDAC6,ortholog_one2one,1
HDAC7,HDAC7,ortholog_one2one,1
HDGF,HDGF,ortholog_one2one,1
HDHD3,HDHD3,ortholog_one2one,1
HDLBP,HDLBP,ortholog_one2one,1
HEATR1,HEATR1,ortholog_one2one,1
HEATR3,HEATR3,ortholog_one2one,1
HEATR5A,HEATR5A,ortholog_one2one,1
HEATR5B,HEATR5B,ortholog_one2one,1
HEATR6,HEATR6,ortholog_one2one,1
HECTD1,HECTD1,ortholog_one2one,1
HECTD3,HECTD3,ortholog_one2one,1
HECW2,HECW2,ortholog_one2one,1
HELB,HELB,ortholog_one2one,1
HELLS,HELLS,ortholog_one2one,1
HELZ,HELZ,ortholog_one2one,1
HELZ2,HELZ2,ortholog_one2one,1
HEMGN,HEMGN,ortholog_one2many,0
HEPACAM,HEPACAM,ortholog_one2one,1
HERC1,HERC1,ortholog_one2one,1
HERC2,HERC2,ortholog_one2one,1
HERC3,HERC3,ortholog_one2one,1
HERC4,HERC4,ortholog_one2one,1
HERPUD1,HERPUD1,ortholog_one2one,1
HEXB,HEXB,ortholog_one2one,1
HEXIM1,HEXIM1,ortholog_one2one,1
HFE,HFE,ortholog_one2one,1
HGD,HGD,ortholog_one2one,1
HGS,HGS,ortholog_one2one,1
HHATL,HHATL,ortholog_one2one,1
HIBADH,HIBADH,ortholog_one2one,1
HIBCH,HIBCH,ortholog_one2one,1
HID1,HID1,ortholog_one2one,1
HINT1,HINT1,ortholog_one2one,1
HINT2,HINT2,ortholog_one2one,1
HINT3,HINT3,ortholog_one2one,1
HIP1,HIP1,ortholog_one2one,1
HIP1R,HIP1R,ortholog_one2one,1
HIPK1,HIPK1,ortholog_one2one,1
HIRA,HIRA,ortholog_one2one,1
HJURP,HJURP,ortholog_one2one,0
HK1,HK1,ortholog_one2one,1
HK2,HK2,ortholog_one2one,0
HK3,HK3,ortholog_one2one,1
HLTF,HLTF,ortholog_one2one,1
HMBS,HMBS,ortholog_one2one,1
HMCES,HMCES,ortholog_one2one,1
HMGA2,HMGA2,ortholog_one2one,1
HMGB1,HMGB1,ortholog_one2many,1
HMGB1,HMGB1P1,ortholog_one2many,0
HMGB2,HMGB2,ortholog_one2one,1
HMGB3,HMGB3,ortholog_one2one,1
HMGCL,HMGCL,ortholog_one2one,1
HMGCR,HMGCR,ortholog_one2one,1
HMGCS1,HMGCS1,ortholog_one2one,1
HMGCS2,HMGCS2,ortholog_one2one,1
HMGN5,HMGN5,ortholog_one2one,0
HMGXB4,HMGXB4,ortholog_one2one,1
HMOX1,HMOX1,ortholog_one2one,1
HMOX2,HMOX2,ortholog_one2one,1
HNF1A,HNF1A,ortholog_one2one,1
HNF1B,HNF1B,ortholog_one2one,1
HNF4A,HNF4A,ortholog_one2one,1
HNF4G,HNF4G,ortholog_one2one,1
HNMT,HNMT,ortholog_one2one,1
HNRNPA0,HNRNPA0,ortholog_one2one,1
HNRNPA1,HNRNPA1,ortholog_one2one,1
HNRNPA2B1,HNRNPA2B1,ortholog_one2one,1
HNRNPD,HNRNPD,ortholog_one2one,1
HNRNPF,HNRNPF,ortholog_one2one,1
HNRNPH1,HNRNPH1,ortholog_one2one,1
HNRNPH2,HNRNPH2,ortholog_one2one,1
HNRNPK,HNRNPK,ortholog_one2one,1
HNRNPL,HNRNPL,ortholog_one2one,1
HNRNPLL,HNRNPLL,ortholog_one2one,1
HNRNPM,HNRNPM,ortholog_one2one,1
HNRNPR,HNRNPR,ortholog_one2one,1
HNRNPU,HNRNPU,ortholog_one2one,1
HNRNPUL1,HNRNPUL1,ortholog_one2one,1
HNRNPUL2,HNRNPUL2,ortholog_one2one,1
HOGA1,HOGA1,ortholog_one2one,1
HOMER1,HOMER1,ortholog_one2one,1
HOMER2,HOMER2,ortholog_one2one,1
HOMER3,HOMER3,ortholog_one2one,1
HOOK1,HOOK1,ortholog_one2one,1
HOOK2,HOOK2,ortholog_one2one,1
HOOK3,HOOK3,ortholog_one2one,1
HOPX,HOPX,ortholog_one2one,1
HOXA5,HOXA5,ortholog_one2one,1
HOXB6,HOXB6,ortholog_one2one,1
HOXD8,HOXD8,ortholog_one2one,1
HP,HP,ortholog_one2many,1
HP,HPR,ortholog_one2many,1
HP1BP3,HP1BP3,ortholog_one2one,1
HPCA,HPCA,ortholog_one2one,1
HPCAL1,HPCAL1,ortholog_one2one,0
HPCAL4,HPCAL4,ortholog_one2one,1
HPD,HPD,ortholog_one2one,1
HPDL,HPDL,ortholog_one2one,1
HPGD,HPGD,ortholog_one2one,1
HPRT1,HPRT1,ortholog_one2one,1
HPS1,HPS1,ortholog_one2one,1
HPS3,HPS3,ortholog_one2one,1
HPS4,HPS4,ortholog_one2one,1
HPS5,HPS5,ortholog_one2one,1
HPX,HPX,ortholog_one2one,1
HRAS,HRAS,ortholog_one2one,1
HRG,HRG,ortholog_one2one,1
HRH1,HRH1,ortholog_one2one,1
HRH3,HRH3,ortholog_one2one,1
HS1BP3,HS1BP3,ortholog_one2one,1
HS2ST1,HS2ST1,ortholog_one2one,1
HSCB,HSCB,ortholog_one2one,1
HSD11B1,HSD11B1,ortholog_one2one,1
HSD11B2,HSD11B2,ortholog_one2one,1
HSD17B10,HSD17B10,ortholog_one2one,1
HSD17B11,HSD17B11,ortholog_one2one,1
HSD17B12,HSD17B12,ortholog_one2one,1
HSD17B13,HSD17B13,ortholog_one2one,1
HSD17B4,HSD17B4,ortholog_one2one,1
HSD17B6,HSD17B6,ortholog_one2one,1
HSD17B7,HSD17B7,ortholog_one2one,1
HSD17B8,HSD17B8,ortholog_one2one,1
HSD3B3,HSD3B1,ortholog_many2many,1
HSD3B3,HSD3B2,ortholog_many2many,1
HSD3B4,HSD3B1,ortholog_many2many,1
HSD3B4,HSD3B2,ortholog_many2many,1
HSD3B5,HSD3B1,ortholog_many2many,1
HSD3B5,HSD3B2,ortholog_many2many,1
HSD3B7,HSD3B7,ortholog_one2one,1
HSDL1,HSDL1,ortholog_one2one,1
HSDL2,HSDL2,ortholog_one2one,1
HSF1,HSF1,ortholog_one2one,1
HSP90AA1,HSP90AA1,ortholog_one2one,1
HSP90AB1,HSP90AB1,ortholog_one2one,1
HSP90B1,HSP90B1,ortholog_one2one,1
HSPA12A,HSPA12A,ortholog_one2one,1
HSPA12B,HSPA12B,ortholog_one2one,1
HSPA14,HSPA14,ortholog_one2one,1
HSPA1A,HSPA1A,ortholog_many2many,1
HSPA1A,HSPA1B,ortholog_many2many,1
HSPA1B,HSPA1A,ortholog_many2many,1
HSPA1B,HSPA1B,ortholog_many2many,1
HSPA1L,HSPA1L,ortholog_one2one,1
HSPA2,HSPA2,ortholog_one2one,1
HSPA4,HSPA4,ortholog_one2one,1
HSPA4L,HSPA4L,ortholog_one2one,1
HSPA5,HSPA5,ortholog_one2one,1
HSPA8,HSPA8,ortholog_one2one,1
HSPA9,HSPA9,ortholog_one2one,1
HSPB7,HSPB7,ortholog_one2one,1
HSPB8,HSPB8,ortholog_one2one,1
HSPB9,HSPB9,ortholog_one2one,0
HSPBP1,HSPBP1,ortholog_one2one,1
HSPD1,HSPD1,ortholog_one2one,1
HSPG2,HSPG2,ortholog_one2one,1
HSPH1,HSPH1,ortholog_one2one,1
HTATSF1,HTATSF1,ortholog_one2one,1
HTR1A,HTR1A,ortholog_one2one,1
HTT,HTT,ortholog_one2one,1
HUS1,HUS1,ortholog_one2one,1
HUWE1,HUWE1,ortholog_one2one,1
HVCN1,HVCN1,ortholog_one2one,1
HYDIN,HYDIN,ortholog_one2one,1
HYKK,HYKK,ortholog_one2one,1
HYOU1,HYOU1,ortholog_one2one,1
IAH1,IAH1,ortholog_one2one,1
IARS2,IARS2,ortholog_one2one,1
IBA57,IBA57,ortholog_one2one,1
IBTK,IBTK,ortholog_one2one,1
ICA1,ICA1,ortholog_one2one,1
ICA1L,ICA1L,ortholog_one2one,1
ICAM1,ICAM1,ortholog_one2one,1
ICAM2,ICAM2,ortholog_one2one,1
ICAM5,ICAM5,ortholog_one2one,1
ICMT,ICMT,ortholog_one2one,1
IDE,IDE,ortholog_one2one,1
IDH1,IDH1,ortholog_one2one,1
IDH2,IDH2,ortholog_one2one,1
IDH3A,IDH3A,ortholog_one2one,1
IDH3B,IDH3B,ortholog_one2one,1
IDH3G,IDH3G,ortholog_one2one,1
IDI1,IDI1,ortholog_one2one,1
IDNK,IDNK,ortholog_one2one,1
IDO1,IDO1,ortholog_one2one,1
IDO2,IDO2,ortholog_one2one,1
IFFO1,IFFO1,ortholog_one2one,1
IFIH1,IFIH1,ortholog_one2one,1
IFIT1,IFIT1B,ortholog_one2many,1
IFIT2,IFIT2,ortholog_one2one,1
IFIT3,IFIT3,ortholog_one2many,0
IFITM10,IFITM10,ortholog_one2one,1
IFNGR1,IFNGR1,ortholog_one2one,1
IFRD2,IFRD2,ortholog_one2one,1
IFT122,IFT122,ortholog_one2one,1
IFT140,IFT140,ortholog_one2one,1
IFT172,IFT172,ortholog_one2one,1
IFT22,IFT22,ortholog_one2one,1
IFT27,IFT27,ortholog_one2one,1
IFT52,IFT52,ortholog_one2one,1
IFT88,IFT88,ortholog_one2one,1
IGF1R,IGF1R,ortholog_one2one,1
IGF2R,IGF2R,ortholog_one2one,1
IGHM,IGHM,ortholog_one2one,1
IGHMBP2,IGHMBP2,ortholog_one2one,1
IGLC2,IGLC1,ortholog_many2many,1
IGLC2,IGLC2,ortholog_many2many,0
IGLC2,IGLC3,ortholog_many2many,0
IGLC2,IGLC7,ortholog_many2many,0
IGLC2,IGLL1,ortholog_many2many,0
IGLC2,IGLL5,ortholog_many2many,0
IGSF21,IGSF21,ortholog_one2one,1
IGSF8,IGSF8,ortholog_one2one,1
IGTP,IRGM,ortholog_one2many,0
IKBIP,IKBIP,ortholog_one2one,0
IKBKB,IKBKB,ortholog_one2one,1
IKBKG,IKBKG,ortholog_one2one,1
IKZF1,IKZF1,ortholog_one2one,1
IKZF3,IKZF3,ortholog_one2one,1
IKZF5,IKZF5,ortholog_one2one,1
IL16,IL16,ortholog_one2one,1
IL18,IL18,ortholog_one2one,1
IL1RAPL1,IL1RAPL1,ortholog_one2one,1
IL33,IL33,ortholog_one2one,1
IL6ST,IL6ST,ortholog_one2one,1
ILF2,ILF2,ortholog_one2one,1
ILF3,ILF3,ortholog_one2one,1
ILK,ILK,ortholog_one2one,1
ILKAP,ILKAP,ortholog_one2one,1
ILVBL,ILVBL,ortholog_one2one,1
IMMP2L,IMMP2L,ortholog_one2one,1
IMMT,IMMT,ortholog_one2one,1
IMPA1,IMPA1,ortholog_one2one,1
IMPA2,IMPA2,ortholog_one2one,1
IMPACT,IMPACT,ortholog_one2one,1
IMPDH2,IMPDH2,ortholog_one2one,1
INA,INA,ortholog_one2one,1
INCENP,INCENP,ortholog_one2one,1
INF2,INF2,ortholog_one2one,1
INMT,INMT,ortholog_one2one,1
INO80D,INO80D,ortholog_one2one,1
INO80E,INO80E,ortholog_one2one,1
INPP1,INPP1,ortholog_one2one,1
INPP4A,INPP4A,ortholog_one2one,1
INPP4B,INPP4B,ortholog_one2one,1
INPP5A,INPP5A,ortholog_one2one,1
INPP5B,INPP5B,ortholog_one2one,1
INPP5D,INPP5D,ortholog_one2one,1
INPP5F,INPP5F,ortholog_one2one,1
INPP5K,INPP5K,ortholog_one2one,1
INPPL1,INPPL1,ortholog_one2one,1
INSR,INSR,ortholog_one2one,1
INTS1,INTS1,ortholog_one2one,1
INTS10,INTS10,ortholog_one2one,1
INTS12,INTS12,ortholog_one2one,1
INTS2,INTS2,ortholog_one2one,1
INTS3,INTS3,ortholog_one2one,1
INTS4,INTS4,ortholog_one2one,1
INTS5,INTS5,ortholog_one2one,1
INTS6,INTS6,ortholog_one2one,1
INTS7,INTS7,ortholog_one2one,1
INTS8,INTS8,ortholog_one2one,1
INTS9,INTS9,ortholog_one2one,1
IP6K1,IP6K1,ortholog_one2one,1
IPCEF1,IPCEF1,ortholog_one2one,1
IPO11,IPO11,ortholog_one2one,1
IPO13,IPO13,ortholog_one2one,1
IPO4,IPO4,ortholog_one2one,1
IPO5,IPO5,ortholog_one2one,1
IPO7,IPO7,ortholog_one2one,1
IPO8,IPO8,ortholog_one2one,1
IPO9,IPO9,ortholog_one2one,1
IQCA1,IQCA1,ortholog_one2one,1
IQCB1,IQCB1,ortholog_one2one,1
IQGAP1,IQGAP1,ortholog_one2one,1
IQGAP2,IQGAP2,ortholog_one2one,1
IQSEC1,IQSEC1,ortholog_one2one,1
IQSEC2,IQSEC2,ortholog_one2one,1
IQSEC3,IQSEC3,ortholog_one2one,1
IRAK1,IRAK1,ortholog_one2one,1
IRAK4,IRAK4,ortholog_one2one,1
IREB2,IREB2,ortholog_one2one,1
IRF1,IRF1,ortholog_one2one,1
IRF2BP1,IRF2BP1,ortholog_one2one,1
IRF2BP2,IRF2BP2,ortholog_one2one,1
IRF2BPL,IRF2BPL,ortholog_one2one,1
IRF3,IRF3,ortholog_one2one,1
IRF4,IRF4,ortholog_one2one,1
IRF5,IRF5,ortholog_one2one,1
IRF6,IRF6,ortholog_one2one,1
IRF8,IRF8,ortholog_one2one,1
IRF9,IRF9,ortholog_one2one,1
IRGM1,IRGM,ortholog_one2many,0
IRGQ,IRGQ,ortholog_one2one,1
IRS1,IRS1,ortholog_one2one,1
IRS2,IRS2,ortholog_one2one,1
ISCA2,ISCA2,ortholog_one2one,1
ISCU,ISCU,ortholog_one2one,1
ISG15,ISG15,ortholog_one2one,1
ISG20,ISG20,ortholog_one2one,0
ISG20L2,ISG20L2,ortholog_one2one,1
ISLR2,ISLR2,ortholog_one2one,1
ISOC2A,ISOC2,ortholog_one2many,0
ISOC2B,ISOC2,ortholog_one2many,1
IST1,IST1,ortholog_one2one,1
ISY1,ISY1,ortholog_one2one,1
ISYNA1,ISYNA1,ortholog_one2one,1
ITCH,ITCH,ortholog_one2one,1
ITGA1,ITGA1,ortholog_one2one,1
ITGA2,ITGA2,ortholog_one2one,1
ITGA2B,ITGA2B,ortholog_one2one,1
ITGA3,ITGA3,ortholog_one2one,1
ITGA5,ITGA5,ortholog_one2one,1
ITGA6,ITGA6,ortholog_one2one,1
ITGA7,ITGA7,ortholog_one2one,1
ITGA8,ITGA8,ortholog_one2one,1
ITGA9,ITGA9,ortholog_one2one,1
ITGAV,ITGAV,ortholog_one2one,1
ITGB1,ITGB1,ortholog_one2one,1
ITGB1BP1,ITGB1BP1,ortholog_one2one,1
ITGB1BP2,ITGB1BP2,ortholog_one2one,1
ITGB2,ITGB2,ortholog_one2one,1
ITGB3,ITGB3,ortholog_one2one,1
ITGB4,ITGB4,ortholog_one2one,1
ITGB8,ITGB8,ortholog_one2one,1
ITIH5,ITIH5,ortholog_one2one,1
ITM2B,ITM2B,ortholog_one2one,1
ITM2C,ITM2C,ortholog_one2one,1
ITPA,ITPA,ortholog_one2one,1
ITPKA,ITPKA,ortholog_one2one,1
ITPKB,ITPKB,ortholog_one2one,1
ITPR1,ITPR1,ortholog_one2one,1
ITPR2,ITPR2,ortholog_one2one,1
ITPR3,ITPR3,ortholog_one2one,1
ITPRIPL2,ITPRIPL2,ortholog_one2one,1
ITSN1,ITSN1,ortholog_one2one,1
ITSN2,ITSN2,ortholog_one2one,1
IVD,IVD,ortholog_one2one,1
IVNS1ABP,IVNS1ABP,ortholog_one2one,1
JADE1,JADE1,ortholog_one2one,1
JAK1,JAK1,ortholog_one2one,1
JAK2,JAK2,ortholog_one2one,1
JAK3,JAK3,ortholog_one2one,1
JAKMIP1,JAKMIP1,ortholog_one2one,1
JAKMIP3,JAKMIP3,ortholog_one2one,1
JAM2,JAM2,ortholog_one2one,1
JCAD,JCAD,ortholog_one2one,1
JMJD1C,JMJD1C,ortholog_one2one,1
JMJD6,JMJD6,ortholog_one2one,1
JMY,JMY,ortholog_one2one,1
JPH1,JPH1,ortholog_one2one,1
JPH2,JPH2,ortholog_one2one,1
JPH3,JPH3,ortholog_one2one,1
JUND,JUND,ortholog_one2one,1
JUP,JUP,ortholog_one2one,1
KALRN,KALRN,ortholog_one2one,1
KANK1,KANK1,ortholog_one2one,1
KANK2,KANK2,ortholog_one2one,1
KANK3,KANK3,ortholog_one2one,1
KANK4,KANK4,ortholog_one2one,1
KANSL1,KANSL1,ortholog_one2one,1
KANSL2,KANSL2,ortholog_one2one,1
KANSL3,KANSL3,ortholog_one2one,1
KAT5,KAT5,ortholog_one2one,1
KAT7,KAT7,ortholog_one2one,1
KAT8,KAT8,ortholog_one2one,1
KATNAL1,KATNAL1,ortholog_one2one,1
KATNB1,KATNB1,ortholog_one2one,1
KAZN,KAZN,ortholog_one2one,1
KBTBD11,KBTBD11,ortholog_one2one,1
KBTBD2,KBTBD2,ortholog_one2one,1
KBTBD3,KBTBD3,ortholog_one2one,1
KBTBD4,KBTBD4,ortholog_one2one,1
KCNA1,KCNA1,ortholog_one2one,1
KCNA2,KCNA2,ortholog_one2one,1
KCNA3,KCNA3,ortholog_one2one,1
KCNA4,KCNA4,ortholog_one2one,1
KCNAB1,KCNAB1,ortholog_one2one,1
KCNAB2,KCNAB2,ortholog_one2one,1
KCNAB3,KCNAB3,ortholog_one2one,1
KCNB1,KCNB1,ortholog_one2one,1
KCNC1,KCNC1,ortholog_one2one,1
KCNC2,KCNC2,ortholog_one2one,1
KCNC3,KCNC3,ortholog_one2one,1
KCND3,KCND3,ortholog_one2one,1
KCNH1,KCNH1,ortholog_one2one,1
KCNH7,KCNH7,ortholog_one2one,1
KCNIP2,KCNIP2,ortholog_one2one,1
KCNIP3,KCNIP3,ortholog_one2one,1
KCNIP4,KCNIP4,ortholog_one2one,1
KCNJ1,KCNJ1,ortholog_one2one,1
KCNJ10,KCNJ10,ortholog_one2one,1
KCNJ11,KCNJ11,ortholog_one2one,1
KCNJ15,KCNJ15,ortholog_one2one,1
KCNJ16,KCNJ16,ortholog_one2one,1
KCNJ3,KCNJ3,ortholog_one2one,1
KCNJ4,KCNJ4,ortholog_one2one,1
KCNJ6,KCNJ6,ortholog_one2one,1
KCNJ8,KCNJ8,ortholog_one2one,1
KCNMA1,KCNMA1,ortholog_one2one,1
KCNQ2,KCNQ2,ortholog_one2one,1
KCNQ5,KCNQ5,ortholog_one2one,1
KCNT2,KCNT2,ortholog_one2one,1
KCTD10,KCTD10,ortholog_one2one,1
KCTD12,KCTD12,ortholog_one2one,1
KCTD14,KCTD14,ortholog_one2one,0
KCTD16,KCTD16,ortholog_one2one,1
KCTD17,KCTD17,ortholog_one2one,1
KCTD20,KCTD20,ortholog_one2one,1
KCTD21,KCTD21,ortholog_one2one,1
KCTD4,KCTD4,ortholog_one2one,1
KCTD5,KCTD5,ortholog_one2one,1
KCTD6,KCTD6,ortholog_one2one,1
KCTD8,KCTD8,ortholog_one2one,1
KDELR3,KDELR3,ortholog_one2one,1
KDM1A,KDM1A,ortholog_one2one,1
KDM2A,KDM2A,ortholog_one2one,1
KDM2B,KDM2B,ortholog_one2one,1
KDM3B,KDM3B,ortholog_one2one,1
KDM6A,KDM6A,ortholog_one2one,1
KDSR,KDSR,ortholog_one2one,1
KEAP1,KEAP1,ortholog_one2one,1
KHK,KHK,ortholog_one2one,1
KHNYN,KHNYN,ortholog_one2one,1
KHSRP,KHSRP,ortholog_one2one,1
KIDINS220,KIDINS220,ortholog_one2one,1
KIF11,KIF11,ortholog_one2one,1
KIF12,KIF12,ortholog_one2one,1
KIF13A,KIF13A,ortholog_one2one,1
KIF13B,KIF13B,ortholog_one2one,1
KIF15,KIF15,ortholog_one2one,1
KIF1A,KIF1A,ortholog_one2one,1
KIF1B,KIF1B,ortholog_one2one,1
KIF1C,KIF1C,ortholog_one2one,1
KIF20B,KIF20B,ortholog_one2one,1
KIF21A,KIF21A,ortholog_one2one,1
KIF21B,KIF21B,ortholog_one2one,1
KIF22,KIF22,ortholog_one2one,1
KIF2A,KIF2A,ortholog_one2one,1
KIF2C,KIF2C,ortholog_one2one,1
KIF3A,KIF3A,ortholog_one2one,1
KIF3C,KIF3C,ortholog_one2one,1
KIF4,KIF4A,ortholog_one2one,1
KIF5A,KIF5A,ortholog_one2one,1
KIF5B,KIF5B,ortholog_one2one,1
KIF5C,KIF5C,ortholog_one2one,1
KIFAP3,KIFAP3,ortholog_one2one,1
KIFC1,KIFC1,ortholog_one2many,0
KIFC2,KIFC2,ortholog_one2one,1
KIT,KIT,ortholog_one2one,1
KIZ,KIZ,ortholog_one2one,1
KLC1,KLC1,ortholog_one2one,1
KLC2,KLC2,ortholog_one2one,1
KLC4,KLC4,ortholog_one2one,1
KLF2,KLF2,ortholog_one2one,1
KLF4,KLF4,ortholog_one2one,1
KLHDC2,KLHDC2,ortholog_one2one,1
KLHDC3,KLHDC3,ortholog_one2one,1
KLHDC4,KLHDC4,ortholog_one2one,1
KLHDC7A,KLHDC7A,ortholog_one2one,1
KLHL11,KLHL11,ortholog_one2one,1
KLHL2,KLHL2,ortholog_one2one,1
KLHL22,KLHL22,ortholog_one2one,1
KLHL24,KLHL24,ortholog_one2one,1
KLHL25,KLHL25,ortholog_one2one,1
KLHL31,KLHL31,ortholog_one2one,1
KLHL40,KLHL40,ortholog_one2one,1
KLHL41,KLHL41,ortholog_one2one,1
KLHL5,KLHL5,ortholog_one2one,1
KLHL9,KLHL9,ortholog_one2one,1
KLK1,KLK1,ortholog_many2many,1
KLK1,KLK2,ortholog_many2many,0
KLK1,KLK3,ortholog_many2many,0
KLK1B16,KLK1,ortholog_many2many,1
KLK1B16,KLK2,ortholog_many2many,0
KLK1B16,KLK3,ortholog_many2many,0
KLKB1,KLKB1,ortholog_one2one,1
KMO,KMO,ortholog_one2one,1
KMT2B,KMT2B,ortholog_one2one,1
KMT2D,KMT2D,ortholog_one2one,1
KNDC1,KNDC1,ortholog_one2one,1
KNG1,KNG1,ortholog_one2many,1
KNG2,KNG1,ortholog_one2many,0
KNTC1,KNTC1,ortholog_one2one,1
KPNA1,KPNA1,ortholog_one2one,1
KPNA2,KPNA2,ortholog_one2many,1
KPNA3,KPNA3,ortholog_one2one,1
KPNA4,KPNA4,ortholog_one2one,1
KPNA6,KPNA6,ortholog_one2one,1
KPNB1,KPNB1,ortholog_one2one,1
KPTN,KPTN,ortholog_one2one,1
KRAS,KRAS,ortholog_one2one,1
KRI1,KRI1,ortholog_one2one,1
KRIT1,KRIT1,ortholog_one2one,1
KRR1,KRR1,ortholog_one2one,1
KRT14,KRT14,ortholog_one2one,1
KRT17,KRT17,ortholog_one2one,1
KRT222,KRT222,ortholog_one2one,1
KRT5,KRT5,ortholog_one2many,1
KRTAP16-1,KRTAP16-1,ortholog_one2one,1
KSR1,KSR1,ortholog_one2one,1
KSR2,KSR2,ortholog_one2one,1
KTI12,KTI12,ortholog_one2one,1
KTN1,KTN1,ortholog_one2one,1
KYNU,KYNU,ortholog_one2one,1
L1CAM,L1CAM,ortholog_one2one,1
L2HGDH,L2HGDH,ortholog_one2one,1
L3HYPDH,L3HYPDH,ortholog_one2one,1
L3MBTL2,L3MBTL2,ortholog_one2one,1
LACC1,LACC1,ortholog_one2one,1
LACTB,LACTB,ortholog_one2one,1
LACTB2,LACTB2,ortholog_one2one,1
LAGE3,LAGE3,ortholog_one2one,0
LAMA1,LAMA1,ortholog_one2one,1
LAMA2,LAMA2,ortholog_one2one,1
LAMA3,LAMA3,ortholog_one2one,1
LAMA4,LAMA4,ortholog_one2one,1
LAMA5,LAMA5,ortholog_one2one,1
LAMB1,LAMB1,ortholog_one2one,1
LAMB2,LAMB2,ortholog_one2one,1
LAMB3,LAMB3,ortholog_one2one,1
LAMC1,LAMC1,ortholog_one2one,1
LAMP1,LAMP1,ortholog_one2one,1
LAMP2,LAMP2,ortholog_one2one,1
LAMTOR2,LAMTOR2,ortholog_one2one,1
LAMTOR3,LAMTOR3,ortholog_one2one,1
LAMTOR5,LAMTOR5,ortholog_one2one,1
LANCL1,LANCL1,ortholog_one2one,1
LANCL2,LANCL2,ortholog_one2one,1
LANCL3,LANCL3,ortholog_one2one,1
LAP3,LAP3,ortholog_one2one,1
LARP1,LARP1,ortholog_one2one,1
LARP1B,LARP1B,ortholog_one2one,0
LARP4,LARP4,ortholog_one2one,1
LARP4B,LARP4B,ortholog_one2one,0
LARP7,LARP7,ortholog_one2many,1
LARS2,LARS2,ortholog_one2one,1
LAS1L,LAS1L,ortholog_one2one,1
LASP1,LASP1,ortholog_one2one,1
LBP,LBP,ortholog_one2one,1
LBR,LBR,ortholog_one2one,1
LCAT,LCAT,ortholog_one2one,1
LCK,LCK,ortholog_one2one,1
LCLAT1,LCLAT1,ortholog_one2one,1
LCN2,LCN2,ortholog_one2one,1
LCN8,LCN8,ortholog_one2one,1
LCN9,LCN9,ortholog_one2one,0
LCP1,LCP1,ortholog_one2one,1
LDB3,LDB3,ortholog_one2one,1
LDHA,LDHA,ortholog_one2one,1
LDHB,LDHB,ortholog_one2one,1
LDHC,LDHC,ortholog_one2one,1
LDHD,LDHD,ortholog_one2one,1
LDLR,LDLR,ortholog_one2one,1
LEMD2,LEMD2,ortholog_one2one,1
LEMD3,LEMD3,ortholog_one2one,1
LENG8,LENG8,ortholog_one2one,1
LEO1,LEO1,ortholog_one2one,1
LEPROT,LEPROT,ortholog_one2one,1
LEPROTL1,LEPROTL1,ortholog_one2one,1
LETM1,LETM1,ortholog_one2one,1
LETMD1,LETMD1,ortholog_one2one,1
LGALS1,LGALS1,ortholog_one2one,1
LGALS12,LGALS12,ortholog_one2one,1
LGALS3,LGALS3,ortholog_one2one,1
LGALS3BP,LGALS3BP,ortholog_one2one,1
LGALS7,LGALS7,ortholog_one2many,1
LGALS7,LGALS7B,ortholog_one2many,1
LGALS9,LGALS13,ortholog_many2many,0
LGALS9,LGALS14,ortholog_many2many,0
LGALS9,LGALS16,ortholog_many2many,0
LGALSL,LGALSL,ortholog_one2many,1
LGI1,LGI1,ortholog_one2one,1
LGI3,LGI3,ortholog_one2one,1
LGMN,LGMN,ortholog_one2one,1
LHFPL4,LHFPL4,ortholog_one2one,1
LHPP,LHPP,ortholog_one2one,1
LIAS,LIAS,ortholog_one2one,1
LIFR,LIFR,ortholog_one2one,1
LIG1,LIG1,ortholog_one2one,1
LIG3,LIG3,ortholog_one2one,1
LIMA1,LIMA1,ortholog_one2one,1
LIMCH1,LIMCH1,ortholog_one2one,1
LIMD1,LIMD1,ortholog_one2one,1
LIMK1,LIMK1,ortholog_one2one,1
LIMK2,LIMK2,ortholog_one2one,1
LIMS1,LIMS3,ortholog_one2many,1
LIMS1,LIMS4,ortholog_one2many,1
LIMS2,LIMS2,ortholog_one2one,1
LIN37,LIN37,ortholog_one2one,1
LIN7A,LIN7A,ortholog_one2one,1
LIN7C,LIN7C,ortholog_one2one,1
LINGO1,LINGO1,ortholog_one2one,1
LIPA,LIPA,ortholog_one2one,1
LIPE,LIPE,ortholog_one2one,1
LIPT1,LIPT1,ortholog_one2one,1
LIPT2,LIPT2,ortholog_one2one,1
LLGL1,LLGL1,ortholog_one2one,1
LLGL2,LLGL2,ortholog_one2one,1
LLPH,LLPH,ortholog_one2one,1
LMAN1,LMAN1,ortholog_one2one,1
LMAN2,LMAN2,ortholog_one2one,1
LMAN2L,LMAN2L,ortholog_one2one,1
LMBRD2,LMBRD2,ortholog_one2one,1
LMCD1,LMCD1,ortholog_one2one,1
LMF1,LMF1,ortholog_one2one,1
LMNA,LMNA,ortholog_one2one,1
LMNB1,LMNB1,ortholog_one2one,1
LMNB2,LMNB2,ortholog_one2one,1
LMO7,LMO7,ortholog_one2one,1
LMOD1,LMOD1,ortholog_one2one,1
LMOD2,LMOD2,ortholog_one2one,1
LMOD3,LMOD3,ortholog_one2one,1
LMTK2,LMTK2,ortholog_one2one,1
LMTK3,LMTK3,ortholog_one2one,1
LNPEP,LNPEP,ortholog_one2one,1
LONP1,LONP1,ortholog_one2one,1
LONP2,LONP2,ortholog_one2one,1
LONRF1,LONRF1,ortholog_one2one,1
LONRF2,LONRF2,ortholog_one2one,1
LPAR3,LPAR3,ortholog_one2one,1
LPCAT1,LPCAT1,ortholog_one2one,1
LPCAT2,LPCAT2,ortholog_one2one,1
LPCAT3,LPCAT3,ortholog_one2one,1
LPCAT4,LPCAT4,ortholog_one2one,1
LPIN1,LPIN1,ortholog_one2one,1
LPIN2,LPIN2,ortholog_one2one,1
LPL,LPL,ortholog_one2one,1
LPP,LPP,ortholog_one2one,1
LPXN,LPXN,ortholog_one2one,1
LRAT,LRAT,ortholog_one2one,1
LRBA,LRBA,ortholog_one2one,1
LRCH1,LRCH1,ortholog_one2one,1
LRCH2,LRCH2,ortholog_one2one,1
LRCH3,LRCH3,ortholog_one2one,1
LRCH4,LRCH4,ortholog_one2one,1
LRFN3,LRFN3,ortholog_one2one,1
LRFN4,LRFN4,ortholog_one2one,1
LRG1,LRG1,ortholog_one2one,1
LRP1,LRP1,ortholog_one2one,1
LRP2,LRP2,ortholog_one2one,1
LRPPRC,LRPPRC,ortholog_one2one,1
LRRC1,LRRC1,ortholog_one2one,1
LRRC10,LRRC10,ortholog_one2one,1
LRRC14,LRRC14,ortholog_one2one,1
LRRC2,LRRC2,ortholog_one2one,1
LRRC20,LRRC20,ortholog_one2one,1
LRRC25,LRRC25,ortholog_one2one,0
LRRC39,LRRC39,ortholog_one2one,1
LRRC40,LRRC40,ortholog_one2one,1
LRRC42,LRRC42,ortholog_one2one,1
LRRC47,LRRC47,ortholog_one2one,1
LRRC49,LRRC49,ortholog_one2one,1
LRRC4B,LRRC4B,ortholog_one2one,1
LRRC4C,LRRC4C,ortholog_one2one,1
LRRC57,LRRC57,ortholog_one2one,1
LRRC59,LRRC59,ortholog_one2one,1
LRRC7,LRRC7,ortholog_one2one,1
LRRC8A,LRRC8A,ortholog_one2one,1
LRRC8B,LRRC8B,ortholog_one2one,1
LRRC8C,LRRC8C,ortholog_one2one,1
LRRC8D,LRRC8D,ortholog_one2one,1
LRRFIP1,LRRFIP1,ortholog_one2one,0
LRRFIP2,LRRFIP2,ortholog_one2one,1
LRRK1,LRRK1,ortholog_one2one,1
LRRK2,LRRK2,ortholog_one2one,1
LRRN3,LRRN3,ortholog_one2one,1
LRRN4,LRRN4,ortholog_one2one,1
LRRTM1,LRRTM1,ortholog_one2one,1
LRRTM3,LRRTM3,ortholog_one2one,1
LRSAM1,LRSAM1,ortholog_one2one,1
LRWD1,LRWD1,ortholog_one2one,1
LSAMP,LSAMP,ortholog_one2one,1
LSG1,LSG1,ortholog_one2one,1
LSM12,LSM12,ortholog_one2one,1
LSM14A,LSM14A,ortholog_one2one,1
LSM14B,LSM14B,ortholog_one2one,1
LSM2,LSM2,ortholog_one2one,1
LSM4,LSM4,ortholog_one2one,1
LSM7,LSM7,ortholog_one2one,1
LSP1,LSP1,ortholog_one2one,1
LSS,LSS,ortholog_one2one,1
LST1,LST1,ortholog_one2one,0
LTA4H,LTA4H,ortholog_one2one,1
LTBP2,LTBP2,ortholog_one2one,1
LTBP3,LTBP3,ortholog_one2one,1
LTBP4,LTBP4,ortholog_one2one,1
LTF,LTF,ortholog_one2one,1
LTN1,LTN1,ortholog_one2one,1
LTV1,LTV1,ortholog_one2one,1
LUC7L,LUC7L,ortholog_one2one,1
LUC7L2,LUC7L2,ortholog_one2one,1
LUC7L3,LUC7L3,ortholog_one2one,1
LUM,LUM,ortholog_one2one,1
LURAP1L,LURAP1L,ortholog_one2one,1
LUZP1,LUZP1,ortholog_one2one,1
LXN,LXN,ortholog_one2one,1
LY9,LY9,ortholog_one2one,1
LYAR,LYAR,ortholog_one2one,1
LYN,LYN,ortholog_one2one,1
LYPLA1,LYPLA1,ortholog_one2one,1
LYPLA2,LYPLA2,ortholog_one2one,1
LYPLAL1,LYPLAL1,ortholog_one2one,1
LYRM7,LYRM7,ortholog_one2one,1
LYSMD2,LYSMD2,ortholog_one2one,1
LYST,LYST,ortholog_one2one,1
LYVE1,LYVE1,ortholog_one2one,1
LZIC,LZIC,ortholog_one2one,1
LZTFL1,LZTFL1,ortholog_one2one,1
LZTS1,LZTS1,ortholog_one2one,1
LZTS2,LZTS2,ortholog_one2one,1
LZTS3,LZTS3,ortholog_one2one,1
M6PR,M6PR,ortholog_one2one,1
MACF1,MACF1,ortholog_one2one,1
MACROD1,MACROD1,ortholog_one2one,1
MACROD2,MACROD2,ortholog_one2one,1
MAD1L1,MAD1L1,ortholog_one2one,1
MAD2L1,MAD2L1,ortholog_one2one,1
MAD2L1BP,MAD2L1BP,ortholog_one2one,1
MADD,MADD,ortholog_one2one,1
MAEA,MAEA,ortholog_one2one,1
MAF1,MAF1,ortholog_one2one,1
MAFB,MAFB,ortholog_one2one,1
MAG,MAG,ortholog_one2one,1
MAGI1,MAGI1,ortholog_one2one,1
MAGI2,MAGI2,ortholog_one2one,1
MAGI3,MAGI3,ortholog_one2one,1
MAGOH,MAGOH,ortholog_one2one,1
MALT1,MALT1,ortholog_one2one,1
MAN2A1,MAN2A1,ortholog_one2one,1
MAN2C1,MAN2C1,ortholog_one2one,1
MANBA,MANBA,ortholog_one2one,1
MANF,MANF,ortholog_one2one,1
MAOA,MAOA,ortholog_one2one,1
MAOB,MAOB,ortholog_one2one,1
MAP1A,MAP1A,ortholog_one2one,1
MAP1B,MAP1B,ortholog_one2one,1
MAP1S,MAP1S,ortholog_one2one,1
MAP2,MAP2,ortholog_one2one,1
MAP2K1,MAP2K1,ortholog_one2one,1
MAP2K2,MAP2K2,ortholog_one2one,1
MAP2K3,MAP2K3,ortholog_one2one,1
MAP2K4,MAP2K4,ortholog_one2one,1
MAP2K5,MAP2K5,ortholog_one2one,1
MAP2K6,MAP2K6,ortholog_one2one,1
MAP2K7,MAP2K7,ortholog_one2one,1
MAP3K1,MAP3K1,ortholog_one2one,1
MAP3K10,MAP3K10,ortholog_one2one,1
MAP3K12,MAP3K12,ortholog_one2one,1
MAP3K2,MAP3K2,ortholog_one2one,1
MAP3K3,MAP3K3,ortholog_one2one,1
MAP3K4,MAP3K4,ortholog_one2one,1
MAP3K5,MAP3K5,ortholog_one2one,1
MAP3K6,MAP3K6,ortholog_one2one,1
MAP3K7,MAP3K7,ortholog_one2one,1
MAP4K1,MAP4K1,ortholog_one2one,1
MAP4K2,MAP4K2,ortholog_one2one,1
MAP4K3,MAP4K3,ortholog_one2one,1
MAP4K4,MAP4K4,ortholog_one2one,1
MAP4K5,MAP4K5,ortholog_one2one,1
MAP6,MAP6,ortholog_one2one,1
MAP6D1,MAP6D1,ortholog_one2one,1
MAP7,MAP7,ortholog_one2one,1
MAP7D1,MAP7D1,ortholog_one2one,1
MAP7D2,MAP7D2,ortholog_one2one,1
MAPK1,MAPK1,ortholog_one2one,1
MAPK10,MAPK10,ortholog_one2one,1
MAPK12,MAPK12,ortholog_one2one,1
MAPK14,MAPK14,ortholog_one2one,1
MAPK3,MAPK3,ortholog_one2one,1
MAPK4,MAPK4,ortholog_one2one,1
MAPK8IP1,MAPK8IP1,ortholog_one2one,1
MAPK8IP3,MAPK8IP3,ortholog_one2one,1
MAPK9,MAPK9,ortholog_one2one,1
MAPKAP1,MAPKAP1,ortholog_one2one,1
MAPKAPK2,MAPKAPK2,ortholog_one2one,1
MAPRE1,MAPRE1,ortholog_one2one,1
MAPRE2,MAPRE2,ortholog_one2one,1
MAPRE3,MAPRE3,ortholog_one2one,1
MAPT,MAPT,ortholog_one2one,1
MARCKS,MARCKS,ortholog_one2one,1
MARCKSL1,MARCKSL1,ortholog_one2one,1
MARF1,MARF1,ortholog_one2one,1
MARK1,MARK1,ortholog_one2one,1
MARK2,MARK2,ortholog_one2one,1
MARK3,MARK3,ortholog_one2one,1
MARK4,MARK4,ortholog_one2one,1
MARS2,MARS2,ortholog_one2one,1
MAST1,MAST1,ortholog_one2one,1
MAST3,MAST3,ortholog_one2one,1
MAST4,MAST4,ortholog_one2one,1
MAT1A,MAT1A,ortholog_one2one,1
MAT2A,MAT2A,ortholog_one2one,1
MAT2B,MAT2B,ortholog_one2one,1
MATK,MATK,ortholog_one2one,1
MATN2,MATN2,ortholog_one2one,1
MATN3,MATN3,ortholog_one2one,1
MATR3,MATR3,ortholog_one2one,1
MAU2,MAU2,ortholog_one2one,1
MAVS,MAVS,ortholog_one2one,0
MAZ,MAZ,ortholog_one2one,1
MB,MB,ortholog_one2one,1
MB21D2,MB21D2,ortholog_one2one,1
MBD2,MBD2,ortholog_one2one,1
MBD3,MBD3,ortholog_one2one,1
MBLAC2,MBLAC2,ortholog_one2one,1
MBNL1,MBNL1,ortholog_one2one,1
MBNL2,MBNL2,ortholog_one2one,1
MBNL3,MBNL3,ortholog_one2one,1
MBOAT2,MBOAT2,ortholog_one2one,1
MBOAT7,MBOAT7,ortholog_one2one,1
MBP,MBP,ortholog_one2one,1
MCAM,MCAM,ortholog_one2one,1
MCAT,MCAT,ortholog_one2one,1
MCC,MCC,ortholog_one2one,1
MCCC1,MCCC1,ortholog_one2one,1
MCCC2,MCCC2,ortholog_one2one,1
MCEE,MCEE,ortholog_one2one,1
MCF2L,MCF2L,ortholog_one2one,1
MCL1,MCL1,ortholog_one2one,1
MCM2,MCM2,ortholog_one2one,1
MCM3,MCM3,ortholog_one2one,1
MCM3AP,MCM3AP,ortholog_one2one,1
MCM4,MCM4,ortholog_one2one,1
MCM5,MCM5,ortholog_one2one,1
MCM6,MCM6,ortholog_one2one,1
MCM7,MCM7,ortholog_one2one,1
MCM9,MCM9,ortholog_one2one,1
MCMBP,MCMBP,ortholog_one2one,1
MCOLN1,MCOLN1,ortholog_one2one,1
MCTP1,MCTP1,ortholog_one2one,1
MCTS1,MCTS1,ortholog_one2one,1
MCU,MCU,ortholog_one2one,1
MDC1,MDC1,ortholog_one2one,0
MDH1,MDH1,ortholog_one2one,1
MDH2,MDH2,ortholog_one2one,1
MDM1,MDM1,ortholog_one2one,1
MDN1,MDN1,ortholog_one2one,1
ME1,ME1,ortholog_one2one,1
ME2,ME2,ortholog_one2one,1
ME3,ME3,ortholog_one2one,1
MECP2,MECP2,ortholog_one2one,1
MECR,MECR,ortholog_one2one,1
MED12,MED12,ortholog_one2one,1
MED13L,MED13L,ortholog_one2one,1
MED14,MED14,ortholog_one2one,1
MED15,MED15,ortholog_one2one,1
MED17,MED17,ortholog_one2one,1
MED19,MED19,ortholog_one2one,1
MED20,MED20,ortholog_one2one,1
MED23,MED23,ortholog_one2one,1
MED24,MED24,ortholog_one2one,1
MED25,MED25,ortholog_one2one,1
MED26,MED26,ortholog_one2one,1
MED27,MED27,ortholog_one2one,1
MED28,MED28,ortholog_one2one,1
MED31,MED31,ortholog_one2one,1
MED7,MED7,ortholog_one2one,1
MED8,MED8,ortholog_one2one,1
MEF2D,MEF2D,ortholog_one2one,1
MEMO1,MEMO1,ortholog_one2one,1
MEP1B,MEP1B,ortholog_one2one,1
MEPCE,MEPCE,ortholog_one2one,1
MET,MET,ortholog_one2one,1
METAP1,METAP1,ortholog_one2one,1
METAP2,METAP2,ortholog_one2one,1
METTL1,METTL1,ortholog_one2one,1
METTL13,METTL13,ortholog_one2one,1
METTL14,METTL14,ortholog_one2one,1
METTL16,METTL16,ortholog_one2one,1
METTL18,METTL18,ortholog_one2one,1
METTL2,METTL2A,ortholog_one2many,1
METTL2,METTL2B,ortholog_one2many,1
METTL21C,METTL21C,ortholog_one2one,1
METTL3,METTL3,ortholog_one2one,1
METTL9,METTL9,ortholog_one2one,1
MFAP3L,MFAP3L,ortholog_one2one,1
MFF,MFF,ortholog_one2one,1
MFGE8,MFGE8,ortholog_one2one,1
MFHAS1,MFHAS1,ortholog_one2one,1
MFN1,MFN1,ortholog_one2one,1
MFN2,MFN2,ortholog_one2one,1
MFSD6,MFSD6,ortholog_one2one,1
MGLL,MGLL,ortholog_one2one,1
MGMT,MGMT,ortholog_one2one,1
MGRN1,MGRN1,ortholog_one2one,1
MGST1,MGST1,ortholog_one2one,1
MGST3,MGST3,ortholog_one2one,1
MIA2,MIA2,ortholog_one2many,1
MIA2,CTAGE1,ortholog_one2many,0
MIA2,CTAGE15,ortholog_one2many,0
MIA2,CTAGE4,ortholog_one2many,0
MIA2,CTAGE6,ortholog_one2many,0
MIA2,CTAGE8,ortholog_one2many,0
MIA2,CTAGE9,ortholog_one2many,0
MIA3,MIA3,ortholog_one2one,1
MIB1,MIB1,ortholog_one2one,1
MICAL1,MICAL1,ortholog_one2one,1
MICAL2,MICAL2,ortholog_one2one,1
MICAL3,MICAL3,ortholog_one2one,1
MICALL1,MICALL1,ortholog_one2one,1
MICALL2,MICALL2,ortholog_one2one,1
MICU1,MICU1,ortholog_one2one,1
MID2,MID2,ortholog_one2one,1
MIEF1,MIEF1,ortholog_one2one,1
MIEF2,MIEF2,ortholog_one2one,1
MIER1,MIER1,ortholog_one2one,1
MIF,MIF,ortholog_one2one,1
MIF4GD,MIF4GD,ortholog_one2one,1
MINK1,MINK1,ortholog_one2one,1
MIOS,MIOS,ortholog_one2one,1
MIOX,MIOX,ortholog_one2one,1
MIPEP,MIPEP,ortholog_one2one,1
MISP,MISP,ortholog_one2one,1
MKI67,MKI67,ortholog_one2one,0
MKLN1,MKLN1,ortholog_one2one,1
MKNK1,MKNK1,ortholog_one2one,1
MKNK2,MKNK2,ortholog_one2one,1
MKRN1,MKRN1,ortholog_one2one,1
MKRN2,MKRN2,ortholog_one2one,1
MLC1,MLC1,ortholog_one2one,1
MLEC,MLEC,ortholog_one2one,1
MLH1,MLH1,ortholog_one2one,1
MLIP,MLIP,ortholog_one2one,1
MLKL,MLKL,ortholog_one2one,1
MLLT1,MLLT1,ortholog_one2one,1
MLLT3,MLLT3,ortholog_one2one,1
MLST8,MLST8,ortholog_one2one,1
MLX,MLX,ortholog_one2one,1
MLXIPL,MLXIPL,ortholog_one2one,1
MLYCD,MLYCD,ortholog_one2one,1
MMAA,MMAA,ortholog_one2one,1
MMAB,MMAB,ortholog_one2one,1
MMD,MMD,ortholog_one2one,1
MME,MME,ortholog_one2one,1
MMP19,MMP19,ortholog_one2one,1
MMP8,MMP8,ortholog_one2one,1
MMP9,MMP9,ortholog_one2one,1
MMS19,MMS19,ortholog_one2one,1
MNAT1,MNAT1,ortholog_one2one,1
MNDAL,MNDA,ortholog_one2many,0
MOB2,MOB2,ortholog_one2one,1
MOB3A,MOB3A,ortholog_one2one,1
MOB3B,MOB3B,ortholog_one2one,1
MOB3C,MOB3C,ortholog_one2one,1
MOB4,MOB4,ortholog_one2one,1
MOBP,MOBP,ortholog_one2one,1
MOCOS,MOCOS,ortholog_one2one,1
MOCS1,MOCS1,ortholog_one2one,1
MOCS3,MOCS3,ortholog_one2one,1
MOG,MOG,ortholog_one2one,1
MOGAT1,MOGAT1,ortholog_one2one,1
MOGS,MOGS,ortholog_one2one,1
MON1A,MON1A,ortholog_one2one,1
MON1B,MON1B,ortholog_one2one,1
MON2,MON2,ortholog_one2one,1
MORC3,MORC3,ortholog_one2one,1
MORF4L1,MORF4L1,ortholog_one2one,1
MORF4L2,MORF4L2,ortholog_one2one,1
MOSPD1,MOSPD1,ortholog_one2one,1
MOSPD2,MOSPD2,ortholog_one2one,1
MOSPD3,MOSPD3,ortholog_one2one,1
MOV10,MOV10,ortholog_one2one,1
MPC2,MPC2,ortholog_one2one,1
MPDZ,MPDZ,ortholog_one2one,1
MPEG1,MPEG1,ortholog_one2many,1
MPHOSPH10,MPHOSPH10,ortholog_one2one,1
MPHOSPH8,MPHOSPH8,ortholog_one2one,1
MPI,MPI,ortholog_one2one,1
MPND,MPND,ortholog_one2one,1
MPO,MPO,ortholog_one2one,1
MPP1,MPP1,ortholog_one2one,1
MPP2,MPP2,ortholog_one2one,1
MPP3,MPP3,ortholog_one2one,1
MPP7,MPP7,ortholog_one2one,1
MPPED1,MPPED1,ortholog_one2one,1
MPRIP,MPRIP,ortholog_one2one,1
MPV17,MPV17,ortholog_one2one,1
MPV17L2,MPV17L2,ortholog_one2one,1
MRC1,MRC1,ortholog_one2one,1
MRE11A,MRE11,ortholog_one2one,1
MRGPRF,MRGPRF,ortholog_one2one,1
MRI1,MRI1,ortholog_one2one,1
MRM1,MRM1,ortholog_one2one,1
MROH1,MROH1,ortholog_one2one,1
MRPL10,MRPL10,ortholog_one2one,1
MRPL11,MRPL11,ortholog_one2one,1
MRPL14,MRPL14,ortholog_one2one,1
MRPL16,MRPL16,ortholog_one2one,1
MRPL18,MRPL18,ortholog_one2one,1
MRPL19,MRPL19,ortholog_one2one,1
MRPL2,MRPL2,ortholog_one2one,1
MRPL20,MRPL20,ortholog_one2one,1
MRPL22,MRPL22,ortholog_one2one,0
MRPL27,MRPL27,ortholog_one2one,1
MRPL3,MRPL3,ortholog_one2one,1
MRPL30,MRPL30,ortholog_one2one,1
MRPL35,MRPL35,ortholog_one2one,1
MRPL37,MRPL37,ortholog_one2one,1
MRPL38,MRPL38,ortholog_one2one,1
MRPL39,MRPL39,ortholog_one2one,1
MRPL42,MRPL42,ortholog_one2one,1
MRPL44,MRPL44,ortholog_one2one,1
MRPL45,MRPL45,ortholog_one2one,1
MRPL46,MRPL46,ortholog_one2one,1
MRPL47,MRPL47,ortholog_one2one,1
MRPL50,MRPL50,ortholog_one2one,1
MRPL53,MRPL53,ortholog_one2one,1
MRPL54,MRPL54,ortholog_one2one,1
MRPL9,MRPL9,ortholog_one2one,1
MRPS11,MRPS11,ortholog_one2one,1
MRPS12,MRPS12,ortholog_one2one,1
MRPS14,MRPS14,ortholog_one2one,1
MRPS16,MRPS16,ortholog_one2one,1
MRPS17,MRPS17,ortholog_one2one,1
MRPS18A,MRPS18A,ortholog_one2one,1
MRPS18B,MRPS18B,ortholog_one2one,1
MRPS18C,MRPS18C,ortholog_one2one,1
MRPS2,MRPS2,ortholog_one2one,1
MRPS21,MRPS21,ortholog_one2one,1
MRPS22,MRPS22,ortholog_one2one,1
MRPS24,MRPS24,ortholog_one2one,1
MRPS27,MRPS27,ortholog_one2one,1
MRPS30,MRPS30,ortholog_one2one,1
MRPS31,MRPS31,ortholog_one2one,1
MRPS34,MRPS34,ortholog_one2one,1
MRPS35,MRPS35,ortholog_one2one,1
MRPS5,MRPS5,ortholog_one2one,1
MRPS6,MRPS6,ortholog_one2one,1
MRPS7,MRPS7,ortholog_one2one,1
MRPS9,MRPS9,ortholog_one2one,1
MRRF,MRRF,ortholog_one2one,1
MRS2,MRS2,ortholog_one2one,1
MRTO4,MRTO4,ortholog_one2one,1
MS4A6D,MS4A6A,ortholog_many2many,0
MS4A6D,MS4A6E,ortholog_many2many,0
MSH2,MSH2,ortholog_one2one,1
MSH6,MSH6,ortholog_one2one,1
MSI1,MSI1,ortholog_one2one,1
MSL1,MSL1,ortholog_one2one,1
MSN,MSN,ortholog_one2one,1
MSRA,MSRA,ortholog_one2one,1
MSRB1,MSRB1,ortholog_one2one,1
MSRB2,MSRB2,ortholog_one2one,1
MSRB3,MSRB3,ortholog_one2one,1
MSTO1,MSTO1,ortholog_one2one,1
MTA1,MTA1,ortholog_one2one,1
MTA2,MTA2,ortholog_one2one,1
MTAP,MTAP,ortholog_one2one,1
MTCH1,MTCH1,ortholog_one2one,1
MTCH2,MTCH2,ortholog_one2one,1
MTCL1,MTCL1,ortholog_one2one,1
MTFMT,MTFMT,ortholog_one2one,1
MTFR1,MTFR1,ortholog_one2one,1
MTFR1L,MTFR1L,ortholog_one2one,1
MTG1,MTG1,ortholog_one2one,1
MTHFD1,MTHFD1,ortholog_one2one,1
MTHFD1L,MTHFD1L,ortholog_one2one,1
MTHFD2,MTHFD2,ortholog_one2one,1
MTHFR,MTHFR,ortholog_one2one,1
MTHFS,MTHFS,ortholog_one2many,1
MTHFSL,MTHFS,ortholog_one2many,0
MTIF2,MTIF2,ortholog_one2one,1
MTIF3,MTIF3,ortholog_one2one,1
MTM1,MTM1,ortholog_one2one,1
MTMR1,MTMR1,ortholog_one2one,1
MTMR10,MTMR10,ortholog_one2one,1
MTMR12,MTMR12,ortholog_one2one,1
MTMR14,MTMR14,ortholog_one2one,1
MTMR2,MTMR2,ortholog_one2one,1
MTMR3,MTMR3,ortholog_one2one,1
MTMR6,MTMR6,ortholog_one2one,1
MTMR7,MTMR7,ortholog_one2one,1
MTMR9,MTMR9,ortholog_one2one,1
MTO1,MTO1,ortholog_one2one,1
MTOR,MTOR,ortholog_one2one,1
MTPAP,MTPAP,ortholog_one2one,1
MTR,MTR,ortholog_one2one,1
MTRF1,MTRF1,ortholog_one2one,1
MTRF1L,MTRF1L,ortholog_one2one,1
MTSS1,MTSS1,ortholog_one2one,1
MTTP,MTTP,ortholog_one2one,1
MTUS1,MTUS1,ortholog_one2one,1
MTUS2,MTUS2,ortholog_one2one,1
MTX1,MTX1,ortholog_one2one,1
MTX2,MTX2,ortholog_one2one,1
MTX3,MTX3,ortholog_one2one,1
MUC19,MUC19,ortholog_one2one,0
MUC5B,MUC5B,ortholog_one2one,0
MUG1,PZP,ortholog_many2many,1
MUG1,CPAMD8,ortholog_many2many,0
MUL1,MUL1,ortholog_one2one,1
MVB12A,MVB12A,ortholog_one2one,1
MVB12B,MVB12B,ortholog_one2one,1
MVD,MVD,ortholog_one2one,1
MVK,MVK,ortholog_one2one,1
MVP,MVP,ortholog_one2one,1
MYADM,MYADM,ortholog_one2one,1
MYBBP1A,MYBBP1A,ortholog_one2one,1
MYBPC1,MYBPC1,ortholog_one2one,1
MYBPC2,MYBPC2,ortholog_one2one,1
MYBPC3,MYBPC3,ortholog_one2one,1
MYBPH,MYBPH,ortholog_one2one,1
MYBPHL,MYBPHL,ortholog_one2one,1
MYCBP2,MYCBP2,ortholog_one2one,1
MYD88,MYD88,ortholog_one2one,1
MYEF2,MYEF2,ortholog_one2many,1
MYG1,MYG1,ortholog_one2one,1
MYH1,MYH1,ortholog_one2one,1
MYH10,MYH10,ortholog_one2one,1
MYH11,MYH11,ortholog_one2one,1
MYH14,MYH14,ortholog_one2one,1
MYH6,MYH6,ortholog_one2one,1
MYH7,MYH7,ortholog_one2one,1
MYH7B,MYH7B,ortholog_one2one,1
MYH8,MYH8,ortholog_one2one,1
MYH9,MYH9,ortholog_one2one,1
MYL1,MYL1,ortholog_one2one,1
MYL12A,MYL12A,ortholog_one2one,1
MYL12B,MYL12B,ortholog_one2one,1
MYL3,MYL3,ortholog_one2one,1
MYL4,MYL4,ortholog_one2one,1
MYL6B,MYL6B,ortholog_one2one,1
MYL7,MYL7,ortholog_one2one,1
MYL9,MYL9,ortholog_one2one,1
MYLK,MYLK,ortholog_one2one,1
MYLK2,MYLK2,ortholog_one2one,1
MYLK3,MYLK3,ortholog_one2one,1
MYLK4,MYLK4,ortholog_one2one,0
MYLPF,MYL11,ortholog_one2one,1
MYO10,MYO10,ortholog_one2one,1
MYO15B,MYO15B,ortholog_one2one,1
MYO16,MYO16,ortholog_one2one,1
MYO18A,MYO18A,ortholog_one2one,1
MYO18B,MYO18B,ortholog_one2one,1
MYO19,MYO19,ortholog_one2one,1
MYO1B,MYO1B,ortholog_one2one,1
MYO1C,MYO1C,ortholog_one2one,1
MYO1D,MYO1D,ortholog_one2one,1
MYO1E,MYO1E,ortholog_one2one,1
MYO1F,MYO1F,ortholog_one2one,1
MYO1G,MYO1G,ortholog_one2one,1
MYO3B,MYO3B,ortholog_one2one,1
MYO5A,MYO5A,ortholog_one2one,1
MYO5B,MYO5B,ortholog_one2one,1
MYO5C,MYO5C,ortholog_one2one,1
MYO6,MYO6,ortholog_one2one,1
MYO7A,MYO7A,ortholog_one2one,1
MYO7B,MYO7B,ortholog_one2one,1
MYO9A,MYO9A,ortholog_one2one,1
MYO9B,MYO9B,ortholog_one2one,1
MYOF,MYOF,ortholog_one2one,1
MYOM1,MYOM1,ortholog_one2one,1
MYOM2,MYOM2,ortholog_one2one,1
MYOM3,MYOM3,ortholog_one2one,1
MYOT,MYOT,ortholog_one2one,1
MYOZ3,MYOZ3,ortholog_one2one,1
MYPN,MYPN,ortholog_one2one,1
MYZAP,MYZAP,ortholog_one2one,1
MZT2,MZT2A,ortholog_one2many,0
MZT2,MZT2B,ortholog_one2many,0
N4BP1,N4BP1,ortholog_one2one,1
N6AMT1,HEMK2,ortholog_one2one,1
NAA10,NAA10,ortholog_one2one,1
NAA15,NAA15,ortholog_one2one,1
NAA16,NAA16,ortholog_one2one,1
NAA20,NAA20,ortholog_one2one,1
NAA25,NAA25,ortholog_one2one,1
NAA30,NAA30,ortholog_one2one,1
NAA35,NAA35,ortholog_one2one,1
NAA40,NAA40,ortholog_one2one,1
NAA50,NAA50,ortholog_one2one,1
NAALAD2,NAALAD2,ortholog_one2one,1
NAB2,NAB2,ortholog_one2one,1
NABP2,NABP2,ortholog_one2one,1
NACA,NACA,ortholog_one2one,0
NACAD,NACAD,ortholog_one2one,1
NACC1,NACC1,ortholog_one2one,1
NADK,NADK,ortholog_one2one,1
NADK2,NADK2,ortholog_one2one,1
NADSYN1,NADSYN1,ortholog_one2one,1
NAE1,NAE1,ortholog_one2one,1
NAGA,NAGA,ortholog_one2one,1
NAGK,NAGK,ortholog_one2one,1
NAGLU,NAGLU,ortholog_one2one,1
NAGS,NAGS,ortholog_one2one,1
NALCN,NALCN,ortholog_one2one,1
NAMPT,NAMPT,ortholog_one2one,1
NANOS1,NANOS1,ortholog_one2one,1
NANP,NANP,ortholog_one2one,1
NANS,NANS,ortholog_one2one,1
NAP1L1,NAP1L1,ortholog_one2one,1
NAP1L4,NAP1L4,ortholog_one2one,1
NAPA,NAPA,ortholog_one2one,1
NAPB,NAPB,ortholog_one2one,1
NAPEPLD,NAPEPLD,ortholog_one2one,1
NAPG,NAPG,ortholog_one2one,1
NAPSA,NAPSA,ortholog_one2one,1
NARF,NARF,ortholog_one2one,1
NARS2,NARS2,ortholog_one2one,1
NASP,NASP,ortholog_one2one,1
NAT10,NAT10,ortholog_one2one,1
NAT14,NAT14,ortholog_one2one,1
NAT9,NAT9,ortholog_one2one,1
NAV1,NAV1,ortholog_one2one,1
NAV3,NAV3,ortholog_one2one,1
NBAS,NBAS,ortholog_one2one,1
NBEA,NBEA,ortholog_one2one,1
NBEAL1,NBEAL1,ortholog_one2one,1
NBEAL2,NBEAL2,ortholog_one2one,1
NBN,NBN,ortholog_one2one,1
NCALD,NCALD,ortholog_one2one,1
NCAM1,NCAM1,ortholog_one2one,1
NCAM2,NCAM2,ortholog_one2one,1
NCAN,NCAN,ortholog_one2one,1
NCAPD2,NCAPD2,ortholog_one2one,1
NCAPD3,NCAPD3,ortholog_one2one,1
NCAPG,NCAPG,ortholog_one2one,1
NCAPG2,NCAPG2,ortholog_one2one,1
NCAPH,NCAPH,ortholog_one2one,1
NCAPH2,NCAPH2,ortholog_one2one,1
NCBP1,NCBP1,ortholog_one2one,1
NCCRP1,NCCRP1,ortholog_one2one,1
NCDN,NCDN,ortholog_one2one,1
NCEH1,NCEH1,ortholog_one2one,1
NCF1,NCF1,ortholog_one2one,1
NCF2,NCF2,ortholog_one2one,1
NCF4,NCF4,ortholog_one2one,1
NCK1,NCK1,ortholog_one2one,1
NCK2,NCK2,ortholog_one2one,1
NCKAP1,NCKAP1,ortholog_one2one,1
NCKAP1L,NCKAP1L,ortholog_one2one,1
NCKAP5,NCKAP5,ortholog_one2one,1
NCKIPSD,NCKIPSD,ortholog_one2one,1
NCL,NCL,ortholog_one2one,1
NCOA1,NCOA1,ortholog_one2one,1
NCOA3,NCOA3,ortholog_one2one,1
NCOA4,NCOA4,ortholog_one2one,1
NCOA5,NCOA5,ortholog_one2one,1
NCOA7,NCOA7,ortholog_one2one,1
NCOR1,NCOR1,ortholog_one2one,1
NCOR2,NCOR2,ortholog_one2one,1
NCS1,NCS1,ortholog_one2one,1
NCSTN,NCSTN,ortholog_one2one,1
NDC1,NDC1,ortholog_one2one,1
NDEL1,NDEL1,ortholog_one2one,1
NDFIP2,NDFIP2,ortholog_one2one,1
NDOR1,NDOR1,ortholog_one2one,1
NDRG1,NDRG1,ortholog_one2one,1
NDRG2,NDRG2,ortholog_one2one,1
NDRG3,NDRG3,ortholog_one2one,1
NDUFA10,NDUFA10,ortholog_one2one,1
NDUFA11,NDUFA11,ortholog_one2one,1
NDUFA12,NDUFA12,ortholog_one2one,1
NDUFA2,NDUFA2,ortholog_one2one,1
NDUFA5,NDUFA5,ortholog_one2one,1
NDUFA7,NDUFA7,ortholog_one2one,1
NDUFA8,NDUFA8,ortholog_one2one,1
NDUFA9,NDUFA9,ortholog_one2one,1
NDUFAB1,NDUFAB1,ortholog_one2one,1
NDUFAF1,NDUFAF1,ortholog_one2one,1
NDUFAF3,NDUFAF3,ortholog_one2one,1
NDUFAF5,NDUFAF5,ortholog_one2one,1
NDUFAF6,NDUFAF6,ortholog_one2one,1
NDUFAF7,NDUFAF7,ortholog_one2one,1
NDUFB10,NDUFB10,ortholog_one2one,1
NDUFB7,NDUFB7,ortholog_one2one,1
NDUFB8,NDUFB8,ortholog_one2one,1
NDUFB9,NDUFB9,ortholog_one2one,1
NDUFS1,NDUFS1,ortholog_one2one,1
NDUFS2,NDUFS2,ortholog_one2one,1
NDUFS5,NDUFS5,ortholog_one2one,1
NDUFS6,NDUFS6,ortholog_one2one,1
NDUFV1,NDUFV1,ortholog_one2one,1
NDUFV3,NDUFV3,ortholog_one2one,1
NEB,NEB,ortholog_one2one,1
NEBL,NEBL,ortholog_one2one,1
NECAB1,NECAB1,ortholog_one2one,1
NECAB2,NECAB2,ortholog_one2one,1
NECAB3,NECAB3,ortholog_one2one,1
NECAP2,NECAP2,ortholog_one2one,1
NEDD1,NEDD1,ortholog_one2one,1
NEDD4,NEDD4,ortholog_one2one,1
NEDD4L,NEDD4L,ortholog_one2one,1
NEDD9,NEDD9,ortholog_one2one,1
NEFH,NEFH,ortholog_one2one,1
NEFL,NEFL,ortholog_one2one,1
NEGR1,NEGR1,ortholog_one2one,1
NEIL1,NEIL1,ortholog_one2one,1
NEK1,NEK1,ortholog_one2one,1
NEK3,NEK3,ortholog_one2one,1
NEK6,NEK6,ortholog_one2one,1
NEK7,NEK7,ortholog_one2one,1
NEK9,NEK9,ortholog_one2one,1
NELFA,NELFA,ortholog_one2one,1
NELFB,NELFB,ortholog_one2one,1
NELFCD,NELFCD,ortholog_one2one,1
NELFE,NELFE,ortholog_one2one,1
NEMF,NEMF,ortholog_one2one,1
NES,NES,ortholog_one2one,1
NEU1,NEU1,ortholog_one2one,1
NEU2,NEU2,ortholog_one2one,1
NEURL2,NEURL2,ortholog_one2one,1
NEURL4,NEURL4,ortholog_one2one,1
NEXN,NEXN,ortholog_one2one,1
NF1,NF1,ortholog_one2one,1
NFASC,NFASC,ortholog_one2one,1
NFAT5,NFAT5,ortholog_one2one,1
NFATC1,NFATC1,ortholog_one2one,1
NFATC2,NFATC2,ortholog_one2one,1
NFIA,NFIA,ortholog_one2one,1
NFIC,NFIC,ortholog_one2one,1
NFIX,NFIX,ortholog_one2one,1
NFKB1,NFKB1,ortholog_one2one,1
NFKB2,NFKB2,ortholog_one2one,1
NFKBIB,NFKBIB,ortholog_one2one,1
NFKBIE,NFKBIE,ortholog_one2one,1
NFS1,NFS1,ortholog_one2one,1
NFX1,NFX1,ortholog_one2one,1
NFXL1,NFXL1,ortholog_one2one,1
NGB,NGB,ortholog_one2one,1
NGEF,NGEF,ortholog_one2one,1
NGLY1,NGLY1,ortholog_one2one,1
NHLRC2,NHLRC2,ortholog_one2one,1
NHP2,NHP2,ortholog_one2one,1
NHSL1,NHSL1,ortholog_one2one,1
NHSL2,NHSL2,ortholog_one2one,1
NICN1,NICN1,ortholog_one2one,1
NID1,NID1,ortholog_one2one,1
NID2,NID2,ortholog_one2one,1
NIF3L1,NIF3L1,ortholog_one2one,1
NIFK,NIFK,ortholog_one2one,1
NIN,NIN,ortholog_one2one,1
NIP7,NIP7,ortholog_one2one,1
NIPBL,NIPBL,ortholog_one2one,1
NIPSNAP1,NIPSNAP1,ortholog_one2one,1
NIPSNAP3B,NIPSNAP3B,ortholog_many2many,1
NIPSNAP3B,NIPSNAP3A,ortholog_many2many,0
NISCH,NISCH,ortholog_one2one,1
NIT1,NIT1,ortholog_one2one,1
NIT2,NIT2,ortholog_one2one,1
NKIRAS2,NKIRAS2,ortholog_one2one,1
NKRF,NKRF,ortholog_one2one,1
NKTR,NKTR,ortholog_one2one,1
NKX2-1,NKX2-1,ortholog_one2one,1
NLGN2,NLGN2,ortholog_one2one,1
NLGN4L,NLGN4X,ortholog_one2many,0
NLGN4L,NLGN4Y,ortholog_one2many,0
NLK,NLK,ortholog_one2one,1
NLN,NLN,ortholog_one2one,1
NLRC4,NLRC4,ortholog_one2one,1
NLRC5,NLRC5,ortholog_one2one,1
NLRP4C,NLRP4,ortholog_one2many,1
NLRX1,NLRX1,ortholog_one2one,1
NMD3,NMD3,ortholog_one2one,1
NME1,NME1,ortholog_one2one,1
NME2,NME2,ortholog_one2one,1
NME3,NME3,ortholog_one2one,1
NME7,NME7,ortholog_one2one,1
NMI,NMI,ortholog_one2one,1
NMNAT1,NMNAT1,ortholog_one2one,1
NMNAT3,NMNAT3,ortholog_one2one,1
NMRAL1,NMRAL1,ortholog_one2one,1
NMRK1,NMRK1,ortholog_one2one,1
NMT1,NMT1,ortholog_one2one,1
NMT2,NMT2,ortholog_one2one,1
NNMT,NNMT,ortholog_one2one,1
NNT,NNT,ortholog_one2many,1
NOA1,NOA1,ortholog_one2one,1
NOC2L,NOC2L,ortholog_one2one,1
NOC3L,NOC3L,ortholog_one2one,1
NOD1,NOD1,ortholog_one2one,1
NOL10,NOL10,ortholog_one2one,1
NOL11,NOL11,ortholog_one2one,1
NOL3,NOL3,ortholog_one2one,1
NOL6,NOL6,ortholog_one2one,1
NOL7,NOL7,ortholog_one2one,1
NOL8,NOL8,ortholog_one2one,1
NOL9,NOL9,ortholog_one2one,1
NOMO1,NOMO1,ortholog_one2many,1
NOMO1,NOMO2,ortholog_one2many,1
NOMO1,NOMO3,ortholog_one2many,1
NONO,NONO,ortholog_one2one,1
NOP10,NOP10,ortholog_one2one,1
NOP16,NOP16,ortholog_one2one,1
NOP2,NOP2,ortholog_one2one,1
NOP56,NOP56,ortholog_one2one,1
NOP58,NOP58,ortholog_one2one,1
NOP9,NOP9,ortholog_one2one,1
NOS1,NOS1,ortholog_one2one,1
NOS1AP,NOS1AP,ortholog_one2one,1
NOS3,NOS3,ortholog_one2one,1
NOSIP,NOSIP,ortholog_one2one,1
NOSTRIN,NOSTRIN,ortholog_one2one,1
NOTCH1,NOTCH1,ortholog_one2one,1
NOTCH2,NOTCH2,ortholog_one2one,1
NOTCH3,NOTCH3,ortholog_one2one,1
NPC2,NPC2,ortholog_one2one,1
NPEPL1,NPEPL1,ortholog_one2one,1
NPEPPS,NPEPPS,ortholog_one2one,1
NPHP1,NPHP1,ortholog_one2one,1
NPL,NPL,ortholog_one2one,1
NPLOC4,NPLOC4,ortholog_one2one,1
NPM3,NPM3,ortholog_one2one,1
NPNT,NPNT,ortholog_one2one,1
NPPA,NPPA,ortholog_one2one,1
NPR1,NPR1,ortholog_one2one,1
NPR2,NPR2,ortholog_one2one,1
NPR3,NPR3,ortholog_one2one,1
NPRL3,NPRL3,ortholog_one2one,1
NPTN,NPTN,ortholog_one2one,1
NPTX1,NPTX1,ortholog_one2one,1
NPTXR,NPTXR,ortholog_one2one,1
NQO1,NQO1,ortholog_one2one,1
NQO2,NQO2,ortholog_one2one,1
NR1D1,NR1D1,ortholog_one2one,1
NR1H3,NR1H3,ortholog_one2one,1
NR2C2,NR2C2,ortholog_one2one,1
NR2F2,NR2F2,ortholog_one2one,1
NR3C1,NR3C1,ortholog_one2one,1
NRAP,NRAP,ortholog_one2one,1
NRAS,NRAS,ortholog_one2one,1
NRBF2,NRBF2,ortholog_one2one,1
NRBP1,NRBP1,ortholog_one2one,1
NRBP2,NRBP2,ortholog_one2one,1
NRCAM,NRCAM,ortholog_one2one,1
NRDE2,NRDE2,ortholog_one2one,1
NRF1,NRF1,ortholog_one2one,1
NRIP2,NRIP2,ortholog_one2one,1
NRIP3,NRIP3,ortholog_one2one,1
NRXN1,NRXN1,ortholog_one2one,1
NRXN2,NRXN2,ortholog_one2one,1
NRXN3,NRXN3,ortholog_one2one,1
NSA2,NSA2,ortholog_one2one,1
NSDHL,NSDHL,ortholog_one2one,1
NSF,NSF,ortholog_one2one,1
NSMAF,NSMAF,ortholog_one2one,1
NSMCE1,NSMCE1,ortholog_one2one,1
NSMF,NSMF,ortholog_one2one,1
NSRP1,NSRP1,ortholog_one2one,1
NSUN2,NSUN2,ortholog_one2one,1
NSUN6,NSUN6,ortholog_one2one,1
NT5C,NT5C,ortholog_one2one,1
NT5C1B,NT5C1B,ortholog_one2one,1
NT5C2,NT5C2,ortholog_one2one,1
NT5C3B,NT5C3B,ortholog_one2one,1
NT5DC1,NT5DC1,ortholog_one2one,1
NT5DC3,NT5DC3,ortholog_one2one,1
NT5E,NT5E,ortholog_one2one,1
NT5M,NT5M,ortholog_one2one,1
NTAN1,NTAN1,ortholog_one2one,1
NTM,NTM,ortholog_one2one,1
NTMT1,NTMT1,ortholog_one2one,1
NTNG1,NTNG1,ortholog_one2one,1
NTPCR,NTPCR,ortholog_one2one,1
NTRK2,NTRK2,ortholog_one2one,1
NTRK3,NTRK3,ortholog_one2one,1
NTSR1,NTSR1,ortholog_one2one,1
NUB1,NUB1,ortholog_one2one,1
NUBP1,NUBP1,ortholog_one2one,1
NUBP2,NUBP2,ortholog_one2one,1
NUBPL,NUBPL,ortholog_one2one,1
NUDCD1,NUDCD1,ortholog_one2one,1
NUDCD2,NUDCD2,ortholog_one2one,1
NUDCD3,NUDCD3,ortholog_one2one,1
NUDT12,NUDT12,ortholog_one2one,1
NUDT13,NUDT13,ortholog_one2one,1
NUDT14,NUDT14,ortholog_one2one,1
NUDT15,NUDT15,ortholog_one2one,1
NUDT16,NUDT16,ortholog_one2many,1
NUDT17,NUDT17,ortholog_one2one,1
NUDT18,NUDT18,ortholog_one2one,1
NUDT19,NUDT19,ortholog_one2one,1
NUDT2,NUDT2,ortholog_one2one,1
NUDT3,NUDT3,ortholog_one2one,1
NUDT5,NUDT5,ortholog_one2one,1
NUDT6,NUDT6,ortholog_one2one,1
NUDT7,NUDT7,ortholog_one2one,1
NUDT9,NUDT9,ortholog_one2one,1
NUFIP2,NUFIP2,ortholog_one2one,1
NUMA1,NUMA1,ortholog_one2one,1
NUMB,NUMB,ortholog_one2one,1
NUMBL,NUMBL,ortholog_one2one,1
NUP107,NUP107,ortholog_one2one,1
NUP133,NUP133,ortholog_one2one,1
NUP153,NUP153,ortholog_one2one,1
NUP155,NUP155,ortholog_one2one,1
NUP160,NUP160,ortholog_one2one,1
NUP188,NUP188,ortholog_one2one,1
NUP205,NUP205,ortholog_one2one,1
NUP210,NUP210,ortholog_one2one,1
NUP214,NUP214,ortholog_one2one,1
NUP35,NUP35,ortholog_one2one,1
NUP37,NUP37,ortholog_one2one,1
NUP43,NUP43,ortholog_one2one,1
NUP50,NUP50,ortholog_one2many,1
NUP54,NUP54,ortholog_one2one,1
NUP62,NUP62,ortholog_one2one,1
NUP85,NUP85,ortholog_one2one,1
NUP88,NUP88,ortholog_one2one,1
NUP93,NUP93,ortholog_one2one,1
NUP98,NUP98,ortholog_one2one,1
NUS1,NUS1,ortholog_one2one,1
NUSAP1,NUSAP1,ortholog_one2one,1
NUTF2,NUTF2,ortholog_one2many,1
NVL,NVL,ortholog_one2one,1
NWD2,NWD2,ortholog_one2one,1
NXF1,NXF1,ortholog_one2one,1
NXN,NXN,ortholog_one2one,1
NXT2,NXT2,ortholog_one2one,1
NYAP1,NYAP1,ortholog_one2one,1
OARD1,OARD1,ortholog_one2one,1
OAS1A,OAS1,ortholog_one2many,1
OAS2,OAS2,ortholog_one2one,1
OAS3,OAS3,ortholog_one2one,1
OASL1,OASL,ortholog_one2one,1
OAT,OAT,ortholog_one2one,1
OBSCN,OBSCN,ortholog_one2one,1
OBSL1,OBSL1,ortholog_one2one,1
OCIAD2,OCIAD2,ortholog_one2one,1
OCRL,OCRL,ortholog_one2one,1
ODF1,ODF1,ortholog_one2one,1
ODF2,ODF2,ortholog_one2one,1
ODR4,ODR4,ortholog_one2one,1
OGDH,OGDH,ortholog_one2one,1
OGDHL,OGDHL,ortholog_one2one,1
OGFOD1,OGFOD1,ortholog_one2one,1
OGFR,OGFR,ortholog_one2one,0
OGG1,OGG1,ortholog_one2one,1
OGT,OGT,ortholog_one2one,1
OLA1,OLA1,ortholog_one2one,1
OMG,OMG,ortholog_one2one,1
OPA1,OPA1,ortholog_one2one,1
OPA3,OPA3,ortholog_one2one,1
OPALIN,OPALIN,ortholog_one2one,1
OPCML,OPCML,ortholog_one2one,1
OPHN1,OPHN1,ortholog_one2one,1
OPLAH,OPLAH,ortholog_one2one,1
OPTN,OPTN,ortholog_one2one,1
OSBP,OSBP,ortholog_one2one,1
OSBP2,OSBP2,ortholog_one2one,1
OSBPL10,OSBPL10,ortholog_one2one,1
OSBPL11,OSBPL11,ortholog_one2one,1
OSBPL1A,OSBPL1A,ortholog_one2one,1
OSBPL2,OSBPL2,ortholog_one2one,1
OSBPL3,OSBPL3,ortholog_one2one,1
OSBPL5,OSBPL5,ortholog_one2one,1
OSBPL6,OSBPL6,ortholog_one2one,1
OSBPL8,OSBPL8,ortholog_one2one,1
OSBPL9,OSBPL9,ortholog_one2one,1
OSGEP,OSGEP,ortholog_one2one,1
OSMR,OSMR,ortholog_one2one,1
OSTC,OSTC,ortholog_one2one,1
OSTF1,OSTF1,ortholog_one2one,1
OTC,OTC,ortholog_one2one,1
OTOP1,OTOP1,ortholog_one2one,1
OTUB1,OTUB1,ortholog_one2one,1
OTUD4,OTUD4,ortholog_one2one,1
OTUD5,OTUD5,ortholog_one2one,1
OTUD6B,OTUD6B,ortholog_one2one,1
OTUD7B,OTUD7B,ortholog_one2one,1
OTULIN,OTULIN,ortholog_one2one,1
OVCA2,OVCA2,ortholog_one2one,1
OVCH2,OVCH2,ortholog_one2one,1
OXA1L,OXA1L,ortholog_one2one,1
OXCT1,OXCT1,ortholog_one2one,1
OXCT2B,OXCT2,ortholog_one2many,1
OXNAD1,OXNAD1,ortholog_one2one,0
OXR1,OXR1,ortholog_one2one,1
OXSM,OXSM,ortholog_one2one,1
OXSR1,OXSR1,ortholog_one2one,1
P2RX7,P2RX7,ortholog_one2one,1
P2RY12,P2RY12,ortholog_one2one,1
P4HA1,P4HA1,ortholog_one2one,1
P4HA2,P4HA2,ortholog_one2one,1
P4HB,P4HB,ortholog_one2one,1
PA2G4,PA2G4,ortholog_one2one,1
PABPC4,PABPC4,ortholog_one2one,1
PABPN1,PABPN1,ortholog_one2one,1
PACS1,PACS1,ortholog_one2one,1
PACS2,PACS2,ortholog_one2one,1
PACSIN1,PACSIN1,ortholog_one2one,1
PACSIN2,PACSIN2,ortholog_one2one,1
PACSIN3,PACSIN3,ortholog_one2one,1
PADI2,PADI2,ortholog_one2one,1
PADI4,PADI4,ortholog_one2one,1
PAFAH1B1,PAFAH1B1,ortholog_one2one,1
PAFAH1B3,PAFAH1B3,ortholog_one2one,1
PAFAH2,PAFAH2,ortholog_one2one,1
PAG1,PAG1,ortholog_one2one,1
PAH,PAH,ortholog_one2one,1
PAICS,PAICS,ortholog_one2one,1
PAIP1,PAIP1,ortholog_one2one,1
PAK1,PAK1,ortholog_one2one,1
PAK1IP1,PAK1IP1,ortholog_one2one,1
PAK2,PAK2,ortholog_one2one,1
PAK3,PAK3,ortholog_one2one,1
PAK4,PAK4,ortholog_one2one,1
PALD1,PALD1,ortholog_one2one,1
PALLD,PALLD,ortholog_one2one,1
PALM3,PALM3,ortholog_one2one,1
PAN2,PAN2,ortholog_one2one,1
PAN3,PAN3,ortholog_one2one,1
PANK1,PANK1,ortholog_one2one,1
PANK2,PANK2,ortholog_one2one,1
PANK3,PANK3,ortholog_one2one,1
PANK4,PANK4,ortholog_one2one,1
PANX2,PANX2,ortholog_one2one,1
PAPOLA,PAPOLA,ortholog_one2one,1
PAPOLG,PAPOLG,ortholog_one2one,1
PAPSS1,PAPSS1,ortholog_one2one,1
PAPSS2,PAPSS2,ortholog_one2one,1
PAQR4,PAQR4,ortholog_one2one,1
PAQR9,PAQR9,ortholog_one2one,1
PARD3,PARD3,ortholog_one2one,1
PARD3B,PARD3B,ortholog_one2one,1
PARG,PARG,ortholog_one2one,1
PARK7,PARK7,ortholog_one2one,1
PARN,PARN,ortholog_one2one,1
PARP1,PARP1,ortholog_one2one,1
PARP10,PARP10,ortholog_one2one,1
PARP12,PARP12,ortholog_one2one,1
PARP14,PARP14,ortholog_one2one,1
PARP2,PARP2,ortholog_one2one,1
PARP3,PARP3,ortholog_one2one,1
PARP4,PARP4,ortholog_one2one,1
PARP9,PARP9,ortholog_one2one,1
PARS2,PARS2,ortholog_one2one,1
PARVG,PARVG,ortholog_one2one,1
PASK,PASK,ortholog_one2one,1
PATE4,PATE4,ortholog_one2one,0
PAWR,PAWR,ortholog_one2one,1
PAX5,PAX5,ortholog_one2one,1
PAX8,PAX8,ortholog_one2one,1
PAXBP1,PAXBP1,ortholog_one2one,1
PAXIP1,PAXIP1,ortholog_one2one,1
PBDC1,PBDC1,ortholog_one2one,1
PBLD1,PBLD,ortholog_one2many,1
PBLD2,PBLD,ortholog_one2many,1
PBRM1,PBRM1,ortholog_one2one,1
PBX1,PBX1,ortholog_one2one,1
PBX2,PBX2,ortholog_one2one,1
PBXIP1,PBXIP1,ortholog_one2one,1
PCBD1,PCBD1,ortholog_one2one,1
PCBD2,PCBD2,ortholog_one2one,1
PCBP1,PCBP1,ortholog_one2one,1
PCBP2,PCBP2,ortholog_one2one,1
PCBP3,PCBP3,ortholog_one2one,1
PCBP4,PCBP4,ortholog_one2one,1
PCCA,PCCA,ortholog_one2one,1
PCCB,PCCB,ortholog_one2one,1
PCDH1,PCDH1,ortholog_one2one,1
PCDH10,PCDH10,ortholog_one2one,1
PCDH12,PCDH12,ortholog_one2one,1
PCDH17,PCDH17,ortholog_one2one,1
PCDH19,PCDH19,ortholog_one2one,1
PCDH9,PCDH9,ortholog_one2one,1
PCDHGA4,PCDHGA4,ortholog_one2one,1
PCF11,PCF11,ortholog_one2one,1
PCGF2,PCGF2,ortholog_one2one,1
PCID2,PCID2,ortholog_one2one,1
PCIF1,PCIF1,ortholog_one2one,1
PCK1,PCK1,ortholog_one2one,1
PCK2,PCK2,ortholog_one2one,1
PCLO,PCLO,ortholog_one2one,1
PCM1,PCM1,ortholog_one2one,1
PCMT1,PCMT1,ortholog_one2one,1
PCMTD1,PCMTD1,ortholog_one2one,1
PCMTD2,PCMTD2,ortholog_one2one,1
PCNA,PCNA,ortholog_one2one,1
PCNT,PCNT,ortholog_one2one,1
PCOLCE,PCOLCE,ortholog_one2one,1
PCSK2,PCSK2,ortholog_one2one,1
PCTP,PCTP,ortholog_one2one,1
PCYOX1,PCYOX1,ortholog_one2one,1
PCYOX1L,PCYOX1L,ortholog_one2one,1
PCYT1A,PCYT1A,ortholog_one2one,1
PCYT2,PCYT2,ortholog_one2one,1
PDCD11,PDCD11,ortholog_one2one,1
PDCD2,PDCD2,ortholog_one2one,1
PDCD2L,PDCD2L,ortholog_one2one,1
PDCD4,PDCD4,ortholog_one2one,1
PDCL,PDCL,ortholog_one2one,1
PDCL3,PDCL3,ortholog_one2one,1
PDE10A,PDE10A,ortholog_one2one,1
PDE12,PDE12,ortholog_one2one,1
PDE1A,PDE1A,ortholog_one2one,1
PDE1B,PDE1B,ortholog_one2one,1
PDE2A,PDE2A,ortholog_one2one,1
PDE3A,PDE3A,ortholog_one2one,1
PDE3B,PDE3B,ortholog_one2one,1
PDE4A,PDE4A,ortholog_one2one,1
PDE4B,PDE4B,ortholog_one2one,1
PDE4C,PDE4C,ortholog_one2one,1
PDE4D,PDE4D,ortholog_one2one,1
PDE4DIP,PDE4DIP,ortholog_one2one,1
PDE5A,PDE5A,ortholog_one2one,1
PDE7B,PDE7B,ortholog_one2one,1
PDE8A,PDE8A,ortholog_one2one,1
PDE8B,PDE8B,ortholog_one2one,1
PDGFRB,PDGFRB,ortholog_one2one,1
PDHA1,PDHA1,ortholog_one2one,1
PDHA2,PDHA2,ortholog_one2one,1
PDHB,PDHB,ortholog_one2one,1
PDHX,PDHX,ortholog_one2one,1
PDIA3,PDIA3,ortholog_one2one,1
PDIA5,PDIA5,ortholog_one2one,1
PDK1,PDK1,ortholog_one2one,1
PDK2,PDK2,ortholog_one2one,1
PDK3,PDK3,ortholog_one2one,1
PDK4,PDK4,ortholog_one2one,1
PDLIM1,PDLIM1,ortholog_one2one,1
PDLIM2,PDLIM2,ortholog_one2one,1
PDLIM3,PDLIM3,ortholog_one2one,1
PDLIM4,PDLIM4,ortholog_one2one,1
PDLIM5,PDLIM5,ortholog_one2one,1
PDLIM7,PDLIM7,ortholog_one2one,1
PDP1,PDP1,ortholog_one2one,1
PDP2,PDP2,ortholog_one2one,1
PDPK1,PDPK1,ortholog_one2one,1
PDPR,PDPR,ortholog_one2one,1
PDS5A,PDS5A,ortholog_one2one,1
PDS5B,PDS5B,ortholog_one2one,1
PDSS1,PDSS1,ortholog_one2one,1
PDXDC1,PDXDC1,ortholog_one2one,1
PDXK,PDXK,ortholog_one2one,1
PDXP,PDXP,ortholog_one2one,1
PDZD2,PDZD2,ortholog_one2one,1
PDZD8,PDZD8,ortholog_one2one,1
PDZK1,PDZK1,ortholog_one2one,1
PEAK1,PEAK1,ortholog_one2one,1
PECAM1,PECAM1,ortholog_one2one,1
PECR,PECR,ortholog_one2one,1
PEF1,PEF1,ortholog_one2one,1
PEG3,PEG3,ortholog_one2one,1
PELO,PELO,ortholog_one2one,1
PELP1,PELP1,ortholog_one2one,1
PEMT,PEMT,ortholog_one2one,1
PEPD,PEPD,ortholog_one2one,1
PERM1,PERM1,ortholog_one2one,1
PES1,PES1,ortholog_one2one,1
PEX1,PEX1,ortholog_one2one,1
PEX11A,PEX11A,ortholog_one2one,1
PEX11B,PEX11B,ortholog_one2one,1
PEX11G,PEX11G,ortholog_one2one,1
PEX12,PEX12,ortholog_one2one,1
PEX19,PEX19,ortholog_one2one,1
PEX2,PEX2,ortholog_one2one,1
PEX3,PEX3,ortholog_one2one,1
PEX5,PEX5,ortholog_one2one,1
PEX5L,PEX5L,ortholog_one2one,1
PEX6,PEX6,ortholog_one2one,1
PEX7,PEX7,ortholog_one2one,1
PFAS,PFAS,ortholog_one2one,1
PFDN5,PFDN5,ortholog_one2one,1
PFKFB1,PFKFB1,ortholog_one2one,1
PFKFB2,PFKFB2,ortholog_one2one,1
PFKFB3,PFKFB3,ortholog_one2one,1
PFKFB4,PFKFB4,ortholog_one2one,1
PFKL,PFKL,ortholog_one2one,1
PFKM,PFKM,ortholog_one2one,1
PFKP,PFKP,ortholog_one2one,1
PFN1,PFN1,ortholog_one2one,1
PFN2,PFN2,ortholog_one2one,1
PFN3,PFN3,ortholog_one2one,1
PGAM1,PGAM1,ortholog_one2many,1
PGAM1,PGAM4,ortholog_one2many,0
PGAM2,PGAM2,ortholog_one2one,1
PGAM5,PGAM5,ortholog_one2one,1
PGAP1,PGAP1,ortholog_one2one,1
PGAP2,PGAP2,ortholog_one2one,1
PGBD5,PGBD5,ortholog_one2one,1
PGD,PGD,ortholog_one2one,1
PGGT1B,PGGT1B,ortholog_one2one,1
PGK1,PGK1,ortholog_one2one,1
PGK2,PGK2,ortholog_one2one,1
PGLS,PGLS,ortholog_one2one,1
PGLYRP2,PGLYRP2,ortholog_one2one,1
PGM1,PGM1,ortholog_one2one,1
PGM2,PGM2,ortholog_one2one,1
PGM2L1,PGM2L1,ortholog_one2one,1
PGM3,PGM3,ortholog_one2one,1
PGM5,PGM5,ortholog_one2one,1
PGP,PGP,ortholog_one2one,1
PGPEP1,PGPEP1,ortholog_one2one,1
PGRMC2,PGRMC2,ortholog_one2one,1
PGS1,PGS1,ortholog_one2one,1
PHACTR1,PHACTR1,ortholog_one2one,1
PHACTR4,PHACTR4,ortholog_one2one,1
PHAX,PHAX,ortholog_one2one,1
PHC2,PHC2,ortholog_one2one,1
PHC3,PHC3,ortholog_one2one,1
PHF1,PHF1,ortholog_one2one,1
PHF10,PHF10,ortholog_one2one,1
PHF12,PHF12,ortholog_one2one,1
PHF14,PHF14,ortholog_one2one,1
PHF2,PHF2,ortholog_one2one,1
PHF20L1,PHF20L1,ortholog_one2one,1
PHF23,PHF23,ortholog_one2one,1
PHF3,PHF3,ortholog_one2one,1
PHF5A,PHF5A,ortholog_one2one,1
PHF6,PHF6,ortholog_one2one,1
PHGDH,PHGDH,ortholog_one2one,1
PHIP,PHIP,ortholog_one2one,1
PHKA1,PHKA1,ortholog_one2one,1
PHKA2,PHKA2,ortholog_one2one,1
PHKB,PHKB,ortholog_one2one,1
PHKG1,PHKG1,ortholog_one2one,1
PHKG2,PHKG2,ortholog_one2one,1
PHLDA1,PHLDA1,ortholog_one2one,1
PHLDA3,PHLDA3,ortholog_one2one,1
PHLDB1,PHLDB1,ortholog_one2one,1
PHLDB2,PHLDB2,ortholog_one2one,1
PHLPP1,PHLPP1,ortholog_one2one,1
PHLPP2,PHLPP2,ortholog_one2one,1
PHOSPHO2,PHOSPHO2,ortholog_one2one,1
PHRF1,PHRF1,ortholog_one2one,1
PHYH,PHYH,ortholog_one2one,1
PHYHD1,PHYHD1,ortholog_one2one,1
PHYHIP,PHYHIP,ortholog_one2one,1
PHYHIPL,PHYHIPL,ortholog_one2one,1
PHYKPL,PHYKPL,ortholog_one2one,1
PI4K2A,PI4K2A,ortholog_one2one,1
PI4K2B,PI4K2B,ortholog_one2one,1
PI4KA,PI4KA,ortholog_one2one,1
PI4KB,PI4KB,ortholog_one2one,1
PIAS1,PIAS1,ortholog_one2one,1
PIAS4,PIAS4,ortholog_one2one,1
PICK1,PICK1,ortholog_one2one,1
PID1,PID1,ortholog_one2one,1
PIEZO1,PIEZO1,ortholog_one2one,1
PIGH,PIGH,ortholog_one2one,1
PIGK,PIGK,ortholog_one2one,1
PIGQ,PIGQ,ortholog_one2one,1
PIGR,PIGR,ortholog_one2one,1
PIGS,PIGS,ortholog_one2one,1
PIK3AP1,PIK3AP1,ortholog_one2one,1
PIK3C2A,PIK3C2A,ortholog_one2one,1
PIK3C3,PIK3C3,ortholog_one2one,1
PIK3CA,PIK3CA,ortholog_one2one,1
PIK3CB,PIK3CB,ortholog_one2one,1
PIK3CD,PIK3CD,ortholog_one2one,1
PIK3CG,PIK3CG,ortholog_one2one,1
PIK3R1,PIK3R1,ortholog_one2one,1
PIK3R2,PIK3R2,ortholog_one2one,1
PIK3R4,PIK3R4,ortholog_one2one,1
PIKFYVE,PIKFYVE,ortholog_one2one,1
PIN1,PIN1,ortholog_one2many,1
PIN4,PIN4,ortholog_one2one,1
PIP4K2A,PIP4K2A,ortholog_one2one,1
PIP4K2B,PIP4K2B,ortholog_one2one,1
PIP4K2C,PIP4K2C,ortholog_one2one,1
PIP5K1A,PIP5K1A,ortholog_one2one,1
PIP5K1C,PIP5K1C,ortholog_one2one,1
PIPOX,PIPOX,ortholog_one2one,1
PIR,PIR,ortholog_one2one,1
PISD,PISD,ortholog_one2many,0
PITHD1,PITHD1,ortholog_one2one,1
PITPNA,PITPNA,ortholog_one2one,1
PITPNB,PITPNB,ortholog_one2one,1
PITPNM1,PITPNM1,ortholog_one2one,1
PITPNM2,PITPNM2,ortholog_one2one,1
PITPNM3,PITPNM3,ortholog_one2one,1
PITRM1,PITRM1,ortholog_one2one,1
PJA1,PJA1,ortholog_one2one,1
PJA2,PJA2,ortholog_one2one,1
PKD2,PKD2,ortholog_one2one,1
PKLR,PKLR,ortholog_one2one,1
PKM,PKM,ortholog_one2one,1
PKN1,PKN1,ortholog_one2one,1
PKN2,PKN2,ortholog_one2one,1
PKP2,PKP2,ortholog_one2one,1
PKP3,PKP3,ortholog_one2one,1
PKP4,PKP4,ortholog_one2one,1
PLA2G4A,PLA2G4A,ortholog_one2one,1
PLA2G6,PLA2G6,ortholog_one2one,1
PLA2G7,PLA2G7,ortholog_one2one,1
PLAA,PLAA,ortholog_one2one,1
PLAU,PLAU,ortholog_one2one,1
PLBD1,PLBD1,ortholog_one2one,1
PLBD2,PLBD2,ortholog_one2one,1
PLCB1,PLCB1,ortholog_one2one,1
PLCB2,PLCB2,ortholog_one2one,1
PLCB3,PLCB3,ortholog_one2one,1
PLCB4,PLCB4,ortholog_one2one,1
PLCD1,PLCD1,ortholog_one2one,1
PLCD3,PLCD3,ortholog_one2one,1
PLCD4,PLCD4,ortholog_one2one,1
PLCE1,PLCE1,ortholog_one2one,1
PLCG1,PLCG1,ortholog_one2one,1
PLCG2,PLCG2,ortholog_one2one,1
PLCH2,PLCH2,ortholog_one2one,1
PLCL1,PLCL1,ortholog_one2one,1
PLCL2,PLCL2,ortholog_one2one,1
PLCXD3,PLCXD3,ortholog_one2one,1
PLD1,PLD1,ortholog_one2one,1
PLD2,PLD2,ortholog_one2one,1
PLD3,PLD3,ortholog_one2one,1
PLD4,PLD4,ortholog_one2one,1
PLEC,PLEC,ortholog_one2one,1
PLEK,PLEK,ortholog_one2one,1
PLEKHA1,PLEKHA1,ortholog_one2one,1
PLEKHA2,PLEKHA2,ortholog_one2one,1
PLEKHA5,PLEKHA5,ortholog_one2one,1
PLEKHA6,PLEKHA6,ortholog_one2one,1
PLEKHA7,PLEKHA7,ortholog_one2one,1
PLEKHB1,PLEKHB1,ortholog_one2one,1
PLEKHB2,PLEKHB2,ortholog_one2one,1
PLEKHD1,PLEKHD1,ortholog_one2one,1
PLEKHF1,PLEKHF1,ortholog_one2one,1
PLEKHF2,PLEKHF2,ortholog_one2one,1
PLEKHG1,PLEKHG1,ortholog_one2one,1
PLEKHG3,PLEKHG3,ortholog_one2one,1
PLEKHG5,PLEKHG5,ortholog_one2one,1
PLEKHM1,PLEKHM1,ortholog_one2one,1
PLEKHM2,PLEKHM2,ortholog_one2one,1
PLEKHO1,PLEKHO1,ortholog_one2one,1
PLEKHO2,PLEKHO2,ortholog_one2one,1
PLG,PLG,ortholog_one2one,1
PLIN1,PLIN1,ortholog_one2one,1
PLIN2,PLIN2,ortholog_one2one,1
PLIN3,PLIN3,ortholog_one2one,1
PLIN4,PLIN4,ortholog_one2one,1
PLIN5,PLIN5,ortholog_one2one,1
PLK1,PLK1,ortholog_one2one,1
PLOD1,PLOD1,ortholog_one2one,1
PLOD3,PLOD3,ortholog_one2one,1
PLP1,PLP1,ortholog_one2one,1
PLRG1,PLRG1,ortholog_one2one,1
PLS1,PLS1,ortholog_one2one,1
PLS3,PLS3,ortholog_one2one,1
PLSCR4,PLSCR4,ortholog_one2one,1
PLVAP,PLVAP,ortholog_one2one,1
PLXDC1,PLXDC1,ortholog_one2one,1
PLXDC2,PLXDC2,ortholog_one2one,1
PLXNA1,PLXNA1,ortholog_one2one,1
PLXNA2,PLXNA2,ortholog_one2one,1
PLXNA4,PLXNA4,ortholog_one2one,1
PLXNB1,PLXNB1,ortholog_one2one,1
PLXNB2,PLXNB2,ortholog_one2one,1
PLXNC1,PLXNC1,ortholog_one2one,1
PLXND1,PLXND1,ortholog_one2one,1
PM20D1,PM20D1,ortholog_one2one,1
PM20D2,PM20D2,ortholog_one2one,1
PML,PML,ortholog_one2one,1
PMM2,PMM2,ortholog_one2one,1
PMP2,PMP2,ortholog_one2one,1
PMPCA,PMPCA,ortholog_one2one,1
PMPCB,PMPCB,ortholog_one2one,1
PMVK,PMVK,ortholog_one2one,1
PNCK,PNCK,ortholog_one2one,1
PNKD,PNKD,ortholog_one2one,1
PNKP,PNKP,ortholog_one2one,1
PNLIP,PNLIP,ortholog_one2one,1
PNLIPRP1,PNLIPRP1,ortholog_one2one,1
PNLIPRP2,PNLIPRP2,ortholog_one2one,1
PNN,PNN,ortholog_one2one,1
PNO1,PNO1,ortholog_one2one,1
PNP,PNP,ortholog_one2many,1
PNPLA2,PNPLA2,ortholog_one2one,1
PNPLA6,PNPLA6,ortholog_one2one,1
PNPLA7,PNPLA7,ortholog_one2one,1
PNPLA8,PNPLA8,ortholog_one2one,1
PNPT1,PNPT1,ortholog_one2one,1
POC1B,POC1B,ortholog_one2one,1
PODXL,PODXL,ortholog_one2one,0
POF1B,POF1B,ortholog_one2one,1
POFUT2,POFUT2,ortholog_one2one,1
POGZ,POGZ,ortholog_one2one,1
POLA1,POLA1,ortholog_one2one,1
POLA2,POLA2,ortholog_one2one,1
POLB,POLB,ortholog_one2one,1
POLD1,POLD1,ortholog_one2one,1
POLDIP3,POLDIP3,ortholog_one2one,1
POLG2,POLG2,ortholog_one2one,1
POLK,POLK,ortholog_one2one,1
POLL,POLL,ortholog_one2one,1
POLM,POLM,ortholog_one2one,1
POLR1A,POLR1A,ortholog_one2one,1
POLR1B,POLR1B,ortholog_one2one,1
POLR1D,POLR1D,ortholog_one2one,1
POLR2A,POLR2A,ortholog_one2one,1
POLR2B,POLR2B,ortholog_one2one,1
POLR2C,POLR2C,ortholog_one2one,1
POLR2E,POLR2E,ortholog_one2one,1
POLR2G,POLR2G,ortholog_one2one,1
POLR2H,POLR2H,ortholog_one2one,1
POLR2J,POLR2J,ortholog_one2many,1
POLR2J,POLR2J2,ortholog_one2many,1
POLR2J,POLR2J3,ortholog_one2many,1
POLR2M,POLR2M,ortholog_one2one,1
POLR3A,POLR3A,ortholog_one2one,1
POLR3B,POLR3B,ortholog_one2one,1
POLR3C,POLR3C,ortholog_one2one,1
POLR3D,POLR3D,ortholog_one2one,1
POLR3E,POLR3E,ortholog_one2one,1
POLR3F,POLR3F,ortholog_one2one,1
POM121,POM121,ortholog_one2many,1
POM121,POM121C,ortholog_one2many,1
POMP,POMP,ortholog_one2one,1
POMT2,POMT2,ortholog_one2one,1
PON1,PON1,ortholog_one2one,1
PON2,PON2,ortholog_one2one,1
PON3,PON3,ortholog_one2one,1
POP1,POP1,ortholog_one2one,1
POR,POR,ortholog_one2one,1
PORCN,PORCN,ortholog_one2one,1
POSTN,POSTN,ortholog_one2one,1
PPA1,PPA1,ortholog_one2one,1
PPAN,PPAN,ortholog_one2one,1
PPAT,PPAT,ortholog_one2one,1
PPBP,PPBP,ortholog_one2one,0
PPCDC,PPCDC,ortholog_one2one,1
PPCS,PPCS,ortholog_one2one,1
PPFIA1,PPFIA1,ortholog_one2one,1
PPFIA2,PPFIA2,ortholog_one2one,1
PPFIA3,PPFIA3,ortholog_one2one,1
PPFIBP1,PPFIBP1,ortholog_one2one,1
PPFIBP2,PPFIBP2,ortholog_one2one,1
PPID,PPID,ortholog_one2one,1
PPIE,PPIE,ortholog_one2one,1
PPIF,PPIF,ortholog_one2one,1
PPIG,PPIG,ortholog_one2one,1
PPIH,PPIH,ortholog_one2one,1
PPIL1,PPIL1,ortholog_one2one,1
PPIL2,PPIL2,ortholog_one2one,1
PPIL3,PPIL3,ortholog_one2one,1
PPIL4,PPIL4,ortholog_one2one,1
PPIP5K1,PPIP5K1,ortholog_one2one,1
PPIP5K2,PPIP5K2,ortholog_one2one,1
PPL,PPL,ortholog_one2one,1
PPM1A,PPM1A,ortholog_one2one,1
PPM1B,PPM1B,ortholog_one2one,1
PPM1E,PPM1E,ortholog_one2one,1
PPM1F,PPM1F,ortholog_one2one,1
PPM1G,PPM1G,ortholog_one2one,1
PPM1H,PPM1H,ortholog_one2one,1
PPM1K,PPM1K,ortholog_one2one,1
PPM1L,PPM1L,ortholog_one2one,1
PPME1,PPME1,ortholog_one2one,1
PPOX,PPOX,ortholog_one2one,1
PPP1CA,PPP1CA,ortholog_one2one,1
PPP1CB,PPP1CB,ortholog_one2one,1
PPP1R11,PPP1R11,ortholog_one2one,1
PPP1R12A,PPP1R12A,ortholog_one2one,1
PPP1R12B,PPP1R12B,ortholog_one2one,1
PPP1R12C,PPP1R12C,ortholog_one2one,1
PPP1R14A,PPP1R14A,ortholog_one2one,1
PPP1R14C,PPP1R14C,ortholog_one2one,1
PPP1R16A,PPP1R16A,ortholog_one2one,1
PPP1R16B,PPP1R16B,ortholog_one2one,1
PPP1R17,PPP1R17,ortholog_one2one,1
PPP1R18,PPP1R18,ortholog_one2one,1
PPP1R1A,PPP1R1A,ortholog_one2one,1
PPP1R1B,PPP1R1B,ortholog_one2one,1
PPP1R21,PPP1R21,ortholog_one2one,1
PPP1R37,PPP1R37,ortholog_one2one,1
PPP1R3A,PPP1R3A,ortholog_one2one,1
PPP1R3B,PPP1R3B,ortholog_one2one,1
PPP1R3D,PPP1R3D,ortholog_one2one,1
PPP1R3F,PPP1R3F,ortholog_one2one,1
PPP1R3G,PPP1R3G,ortholog_one2one,1
PPP1R9A,PPP1R9A,ortholog_one2one,1
PPP1R9B,PPP1R9B,ortholog_one2one,1
PPP2CA,PPP2CA,ortholog_one2one,1
PPP2CB,PPP2CB,ortholog_one2one,1
PPP2R1A,PPP2R1A,ortholog_one2one,1
PPP2R1B,PPP2R1B,ortholog_one2one,1
PPP2R2A,PPP2R2A,ortholog_one2one,1
PPP2R2C,PPP2R2C,ortholog_one2one,1
PPP2R5A,PPP2R5A,ortholog_one2one,1
PPP2R5B,PPP2R5B,ortholog_one2one,1
PPP2R5C,PPP2R5C,ortholog_one2one,1
PPP2R5D,PPP2R5D,ortholog_one2one,1
PPP2R5E,PPP2R5E,ortholog_one2one,1
PPP3CA,PPP3CA,ortholog_one2one,1
PPP3CB,PPP3CB,ortholog_one2one,1
PPP3R1,PPP3R1,ortholog_one2one,1
PPP4C,PPP4C,ortholog_one2one,1
PPP4R1,PPP4R1,ortholog_one2one,1
PPP4R4,PPP4R4,ortholog_one2one,1
PPP5C,PPP5C,ortholog_one2one,1
PPP6C,PPP6C,ortholog_one2one,1
PPP6R1,PPP6R1,ortholog_one2one,1
PPP6R2,PPP6R2,ortholog_one2one,1
PPP6R3,PPP6R3,ortholog_one2one,1
PPT1,PPT1,ortholog_one2many,1
PPTC7,PPTC7,ortholog_one2one,1
PPWD1,PPWD1,ortholog_one2one,1
PRAM1,PRAM1,ortholog_one2one,1
PRC1,PRC1,ortholog_one2one,1
PRCP,PRCP,ortholog_one2one,1
PRDM16,PRDM16,ortholog_one2one,1
PRDM2,PRDM2,ortholog_one2one,1
PRDX1,PRDX1,ortholog_one2one,1
PRDX2,PRDX2,ortholog_one2one,1
PRDX3,PRDX3,ortholog_one2one,1
PRDX4,PRDX4,ortholog_one2one,1
PRDX5,PRDX5,ortholog_one2one,1
PRDX6,PRDX6,ortholog_one2many,1
PREB,PREB,ortholog_one2one,1
PRELID2,PRELID2,ortholog_one2one,1
PREP,PREP,ortholog_one2one,1
PREPL,PREPL,ortholog_one2one,1
PREX1,PREX1,ortholog_one2one,1
PREX2,PREX2,ortholog_one2one,1
PRG2,PRG2,ortholog_one2one,1
PRICKLE1,PRICKLE1,ortholog_one2one,1
PRICKLE2,PRICKLE2,ortholog_one2one,1
PRIM1,PRIM1,ortholog_one2one,1
PRKAA1,PRKAA1,ortholog_one2one,1
PRKAA2,PRKAA2,ortholog_one2one,1
PRKAB1,PRKAB1,ortholog_one2one,1
PRKAB2,PRKAB2,ortholog_one2one,1
PRKACA,PRKACA,ortholog_one2one,1
PRKAG1,PRKAG1,ortholog_one2one,1
PRKAR1A,PRKAR1A,ortholog_one2one,1
PRKAR1B,PRKAR1B,ortholog_one2one,1
PRKAR2A,PRKAR2A,ortholog_one2one,1
PRKAR2B,PRKAR2B,ortholog_one2one,1
PRKCA,PRKCA,ortholog_one2one,1
PRKCB,PRKCB,ortholog_one2one,1
PRKCD,PRKCD,ortholog_one2one,1
PRKCE,PRKCE,ortholog_one2one,1
PRKCG,PRKCG,ortholog_one2one,1
PRKCH,PRKCH,ortholog_one2one,1
PRKCI,PRKCI,ortholog_one2one,1
PRKCQ,PRKCQ,ortholog_one2one,1
PRKCSH,PRKCSH,ortholog_one2one,1
PRKCZ,PRKCZ,ortholog_one2one,1
PRKD1,PRKD1,ortholog_one2one,1
PRKD2,PRKD2,ortholog_one2one,1
PRKD3,PRKD3,ortholog_one2one,1
PRKDC,PRKDC,ortholog_one2one,1
PRKG1,PRKG1,ortholog_one2one,1
PRKG2,PRKG2,ortholog_one2one,1
PRKRA,PRKRA,ortholog_one2one,1
PRKX,PRKX,ortholog_one2one,1
PRL4A1,PRL,ortholog_one2many,0
PRMT1,PRMT1,ortholog_one2one,1
PRMT3,PRMT3,ortholog_one2one,1
PRMT5,PRMT5,ortholog_one2one,1
PRMT7,PRMT7,ortholog_one2one,1
PRMT8,PRMT8,ortholog_one2one,1
PRMT9,PRMT9,ortholog_one2one,1
PRND,PRND,ortholog_one2one,1
PRNP,PRNP,ortholog_one2one,1
PROB1,PROB1,ortholog_one2one,1
PRODH,PRODH,ortholog_one2many,1
PRODH2,PRODH2,ortholog_one2one,1
PROS1,PROS1,ortholog_one2one,1
PROX1,PROX1,ortholog_one2one,1
PRPF18,PRPF18,ortholog_one2one,1
PRPF19,PRPF19,ortholog_one2one,1
PRPF3,PRPF3,ortholog_one2one,1
PRPF31,PRPF31,ortholog_one2one,1
PRPF38A,PRPF38A,ortholog_one2one,1
PRPF39,PRPF39,ortholog_one2one,1
PRPF4,PRPF4,ortholog_one2one,1
PRPF40A,PRPF40A,ortholog_one2one,1
PRPF40B,PRPF40B,ortholog_one2one,1
PRPF4B,PRP4K,ortholog_one2one,1
PRPF6,PRPF6,ortholog_one2one,1
PRPF8,PRPF8,ortholog_one2one,1
PRPH,PRPH,ortholog_one2one,1
PRPS1,PRPS1,ortholog_one2one,1
PRPS2,PRPS2,ortholog_one2one,1
PRPSAP1,PRPSAP1,ortholog_one2one,1
PRPSAP2,PRPSAP2,ortholog_one2one,1
PRR12,PRR12,ortholog_one2one,1
PRR33,PRR33,ortholog_one2one,1
PRRC1,PRRC1,ortholog_one2one,1
PRRC2A,PRRC2A,ortholog_one2one,1
PRRC2B,PRRC2B,ortholog_one2one,1
PRRC2C,PRRC2C,ortholog_one2one,1
PRRT3,PRRT3,ortholog_one2one,1
PRUNE2,PRUNE2,ortholog_one2one,1
PRX,PRX,ortholog_one2one,1
PSAP,PSAP,ortholog_one2one,1
PSAT1,PSAT1,ortholog_one2one,1
PSD,PSD,ortholog_one2one,1
PSD2,PSD2,ortholog_one2one,1
PSD3,PSD3,ortholog_one2one,1
PSD4,PSD4,ortholog_one2one,1
PSEN2,PSEN2,ortholog_one2one,1
PSIP1,PSIP1,ortholog_one2one,1
PSMA1,PSMA1,ortholog_one2one,1
PSMA2,PSMA2,ortholog_one2one,1
PSMA4,PSMA4,ortholog_one2one,1
PSMA5,PSMA5,ortholog_one2one,1
PSMA6,PSMA6,ortholog_one2one,1
PSMA7,PSMA7,ortholog_one2one,1
PSMB1,PSMB1,ortholog_one2one,1
PSMB10,PSMB10,ortholog_one2one,1
PSMB2,PSMB2,ortholog_one2one,1
PSMB3,PSMB3,ortholog_one2one,1
PSMB5,PSMB5,ortholog_one2one,1
PSMB6,PSMB6,ortholog_one2one,1
PSMB8,PSMB8,ortholog_one2one,1
PSMB9,PSMB9,ortholog_one2one,1
PSMC1,PSMC1,ortholog_one2one,1
PSMC2,PSMC2,ortholog_one2one,1
PSMC3,PSMC3,ortholog_one2one,1
PSMC4,PSMC4,ortholog_one2one,1
PSMC5,PSMC5,ortholog_one2one,1
PSMC6,PSMC6,ortholog_one2one,1
PSMD1,PSMD1,ortholog_one2one,1
PSMD10,PSMD10,ortholog_one2one,1
PSMD11,PSMD11,ortholog_one2one,1
PSMD12,PSMD12,ortholog_one2one,1
PSMD13,PSMD13,ortholog_one2one,1
PSMD14,PSMD14,ortholog_one2one,1
PSMD2,PSMD2,ortholog_one2one,1
PSMD3,PSMD3,ortholog_one2one,1
PSMD4,PSMD4,ortholog_one2one,1
PSMD5,PSMD5,ortholog_one2one,1
PSMD6,PSMD6,ortholog_one2one,1
PSMD7,PSMD7,ortholog_one2one,1
PSMD8,PSMD8,ortholog_one2one,1
PSMD9,PSMD9,ortholog_one2one,1
PSME1,PSME1,ortholog_one2one,1
PSME2,PSME2,ortholog_one2many,1
PSME3,PSME3,ortholog_one2one,1
PSME4,PSME4,ortholog_one2one,1
PSMF1,PSMF1,ortholog_one2one,1
PSMG1,PSMG1,ortholog_one2one,1
PSMG2,PSMG2,ortholog_one2one,1
PSMG4,PSMG4,ortholog_one2one,1
PSPH,PSPH,ortholog_one2one,1
PSTPIP1,PSTPIP1,ortholog_one2one,1
PSTPIP2,PSTPIP2,ortholog_one2one,1
PTAFR,PTAFR,ortholog_one2one,1
PTAR1,PTAR1,ortholog_one2one,1
PTBP1,PTBP1,ortholog_one2one,1
PTBP3,PTBP3,ortholog_one2one,1
PTCD2,PTCD2,ortholog_one2one,1
PTCD3,PTCD3,ortholog_one2one,1
PTDSS1,PTDSS1,ortholog_one2one,1
PTER,PTER,ortholog_one2one,1
PTGDS,PTGDS,ortholog_one2one,1
PTGES2,PTGES2,ortholog_one2one,1
PTGES3,PTGES3,ortholog_one2one,1
PTGIS,PTGIS,ortholog_one2one,1
PTGR1,PTGR1,ortholog_one2one,1
PTGR2,PTGR2,ortholog_one2one,1
PTGS1,PTGS1,ortholog_one2one,1
PTK2,PTK2,ortholog_one2one,1
PTK2B,PTK2B,ortholog_one2one,1
PTK7,PTK7,ortholog_one2one,1
PTP4A1,PTP4A1,ortholog_one2many,1
PTP4A2,PTP4A2,ortholog_one2one,1
PTPDC1,PTPDC1,ortholog_one2one,1
PTPMT1,PTPMT1,ortholog_one2one,1
PTPN1,PTPN1,ortholog_one2one,1
PTPN11,PTPN11,ortholog_one2one,1
PTPN12,PTPN12,ortholog_one2one,1
PTPN13,PTPN13,ortholog_one2one,1
PTPN14,PTPN14,ortholog_one2one,1
PTPN2,PTPN2,ortholog_one2one,1
PTPN22,PTPN22,ortholog_one2one,1
PTPN23,PTPN23,ortholog_one2one,1
PTPN3,PTPN3,ortholog_one2one,1
PTPN4,PTPN4,ortholog_one2one,1
PTPN5,PTPN5,ortholog_one2one,1
PTPN6,PTPN6,ortholog_one2one,1
PTPN7,PTPN7,ortholog_one2one,1
PTPN9,PTPN9,ortholog_one2one,1
PTPRA,PTPRA,ortholog_one2one,1
PTPRB,PTPRB,ortholog_one2one,1
PTPRC,PTPRC,ortholog_one2one,1
PTPRCAP,PTPRCAP,ortholog_one2one,1
PTPRD,PTPRD,ortholog_one2one,1
PTPRE,PTPRE,ortholog_one2one,1
PTPRF,PTPRF,ortholog_one2one,1
PTPRG,PTPRG,ortholog_one2one,1
PTPRJ,PTPRJ,ortholog_one2one,1
PTPRK,PTPRK,ortholog_one2one,1
PTPRM,PTPRM,ortholog_one2one,1
PTPRN,PTPRN,ortholog_one2one,1
PTPRN2,PTPRN2,ortholog_one2one,1
PTPRR,PTPRR,ortholog_one2one,1
PTPRS,PTPRS,ortholog_one2one,1
PTPRT,PTPRT,ortholog_one2one,1
PTPRZ1,PTPRZ1,ortholog_one2one,1
PTRH2,PTRH2,ortholog_one2one,1
PTRHD1,PTRHD1,ortholog_one2one,1
PTS,PTS,ortholog_one2one,1
PTTG1IP,PTTG1IP,ortholog_one2one,1
PUF60,PUF60,ortholog_one2one,1
PUM2,PUM2,ortholog_one2one,1
PURA,PURA,ortholog_one2one,1
PURB,PURB,ortholog_one2one,1
PURG,PURG,ortholog_one2one,1
PUS1,PUS1,ortholog_one2one,1
PUS10,PUS10,ortholog_one2one,1
PUS7,PUS7,ortholog_one2one,1
PUS7L,PUS7L,ortholog_one2one,1
PWP1,PWP1,ortholog_one2one,1
PWP2,PWP2,ortholog_one2one,1
PXDC1,PXDC1,ortholog_one2one,1
PXMP4,PXMP4,ortholog_one2one,1
PXN,PXN,ortholog_one2one,1
PYCR2,PYCR2,ortholog_one2one,1
PYGB,PYGB,ortholog_one2one,1
PYGL,PYGL,ortholog_one2one,1
PYGM,PYGM,ortholog_one2one,1
PYROXD2,PYROXD2,ortholog_one2one,1
QDPR,QDPR,ortholog_one2one,1
QKI,QKI,ortholog_one2one,1
QPRT,QPRT,ortholog_one2one,1
QRICH1,QRICH1,ortholog_one2one,1
QRSL1,QRSL1,ortholog_one2one,1
QSOX1,QSOX1,ortholog_one2one,1
QSOX2,QSOX2,ortholog_one2one,1
QTRT1,QTRT1,ortholog_one2one,1
R3HCC1L,R3HCC1L,ortholog_one2one,1
R3HDM1,R3HDM1,ortholog_one2one,1
R3HDM2,R3HDM2,ortholog_one2one,1
R3HDM4,R3HDM4,ortholog_one2one,1
RAB10,RAB10,ortholog_one2one,1
RAB11FIP1,RAB11FIP1,ortholog_one2one,1
RAB11FIP5,RAB11FIP5,ortholog_one2one,1
RAB12,RAB12,ortholog_one2one,1
RAB13,RAB13,ortholog_one2one,1
RAB14,RAB14,ortholog_one2one,1
RAB15,RAB15,ortholog_one2one,1
RAB17,RAB17,ortholog_one2one,1
RAB18,RAB18,ortholog_one2one,1
RAB19,RAB19,ortholog_one2one,1
RAB1A,RAB1A,ortholog_one2one,1
RAB20,RAB20,ortholog_one2one,1
RAB21,RAB21,ortholog_one2one,1
RAB22A,RAB22A,ortholog_one2one,1
RAB23,RAB23,ortholog_one2one,1
RAB24,RAB24,ortholog_one2one,1
RAB27B,RAB27B,ortholog_one2one,1
RAB28,RAB28,ortholog_one2one,1
RAB2A,RAB2A,ortholog_one2one,1
RAB2B,RAB2B,ortholog_one2one,1
RAB30,RAB30,ortholog_one2one,1
RAB31,RAB31,ortholog_one2one,1
RAB33A,RAB33A,ortholog_one2one,1
RAB34,RAB34,ortholog_one2one,1
RAB35,RAB35,ortholog_one2one,1
RAB36,RAB36,ortholog_one2one,1
RAB3A,RAB3A,ortholog_one2one,1
RAB3B,RAB3B,ortholog_one2one,1
RAB3C,RAB3C,ortholog_one2one,1
RAB3D,RAB3D,ortholog_one2one,1
RAB3GAP1,RAB3GAP1,ortholog_one2one,1
RAB3GAP2,RAB3GAP2,ortholog_one2one,1
RAB3IL1,RAB3IL1,ortholog_one2one,1
RAB3IP,RAB3IP,ortholog_one2one,1
RAB43,RAB43,ortholog_one2one,1
RAB44,RAB44,ortholog_one2one,1
RAB4A,RAB4A,ortholog_one2one,1
RAB4B,RAB4B,ortholog_one2one,1
RAB5A,RAB5A,ortholog_one2one,1
RAB5B,RAB5B,ortholog_one2one,1
RAB5C,RAB5C,ortholog_one2one,1
RAB8A,RAB8A,ortholog_one2one,1
RAB8B,RAB8B,ortholog_one2one,1
RAB9B,RAB9B,ortholog_one2one,1
RABAC1,RABAC1,ortholog_one2one,1
RABEP1,RABEP1,ortholog_one2one,1
RABEP2,RABEP2,ortholog_one2one,1
RABEPK,RABEPK,ortholog_one2one,1
RABGAP1,RABGAP1,ortholog_one2one,1
RABGAP1L,RABGAP1L,ortholog_one2one,1
RABGEF1,RABGEF1,ortholog_one2one,1
RABGGTA,RABGGTA,ortholog_one2one,1
RABGGTB,RABGGTB,ortholog_one2one,1
RABIF,RABIF,ortholog_one2one,1
RABL2,RABL2A,ortholog_one2many,1
RABL2,RABL2B,ortholog_one2many,1
RABL3,RABL3,ortholog_one2one,1
RABL6,RABL6,ortholog_one2one,1
RAC1,RAC1,ortholog_one2one,1
RAC2,RAC2,ortholog_one2one,1
RAC3,RAC3,ortholog_one2one,1
RACGAP1,RACGAP1,ortholog_one2one,1
RAD1,RAD1,ortholog_one2one,1
RAD21,RAD21,ortholog_one2one,1
RAD23B,RAD23B,ortholog_one2one,1
RAD50,RAD50,ortholog_one2one,1
RAD51AP1,RAD51AP1,ortholog_one2one,1
RAD54L2,RAD54L2,ortholog_one2one,1
RADIL,RADIL,ortholog_one2one,1
RAE1,RAE1,ortholog_one2one,1
RAF1,RAF1,ortholog_one2one,1
RAI1,RAI1,ortholog_one2one,1
RAI14,RAI14,ortholog_one2one,1
RALBP1,RALBP1,ortholog_one2one,1
RALGAPA1,RALGAPA1,ortholog_one2one,1
RALGAPA2,RALGAPA2,ortholog_one2one,1
RALGAPB,RALGAPB,ortholog_one2one,1
RALGPS2,RALGPS2,ortholog_one2one,1
RALY,RALY,ortholog_one2one,1
RALYL,RALYL,ortholog_one2one,1
RAN,RAN,ortholog_one2one,1
RANBP1,RANBP1,ortholog_one2one,1
RANBP10,RANBP10,ortholog_one2one,1
RANBP2,RANBP2,ortholog_one2one,1
RANBP3,RANBP3,ortholog_one2one,1
RANBP6,RANBP6,ortholog_one2one,1
RANBP9,RANBP9,ortholog_one2one,1
RANGAP1,RANGAP1,ortholog_one2one,1
RAP1A,RAP1A,ortholog_one2one,1
RAP1B,RAP1B,ortholog_one2one,1
RAP1GAP,RAP1GAP,ortholog_one2one,1
RAP1GAP2,RAP1GAP2,ortholog_one2one,1
RAP1GDS1,RAP1GDS1,ortholog_one2one,1
RAP2A,RAP2A,ortholog_one2one,1
RAP2B,RAP2B,ortholog_one2one,1
RAP2C,RAP2C,ortholog_one2one,1
RAPGEF1,RAPGEF1,ortholog_one2one,1
RAPGEF2,RAPGEF2,ortholog_one2one,1
RAPGEF3,RAPGEF3,ortholog_one2one,1
RAPGEF4,RAPGEF4,ortholog_one2one,1
RAPGEF6,RAPGEF6,ortholog_one2one,1
RAPGEFL1,RAPGEFL1,ortholog_one2one,1
RARRES2,RARRES2,ortholog_one2one,1
RARS2,RARS2,ortholog_one2one,1
RASA1,RASA1,ortholog_one2one,1
RASA2,RASA2,ortholog_one2one,1
RASA3,RASA3,ortholog_one2one,1
RASA4,RASA4,ortholog_one2many,1
RASA4,RASA4B,ortholog_one2many,1
RASAL1,RASAL1,ortholog_one2one,1
RASAL2,RASAL2,ortholog_one2one,1
RASAL3,RASAL3,ortholog_one2one,1
RASGRF1,RASGRF1,ortholog_one2one,1
RASGRF2,RASGRF2,ortholog_one2one,1
RASGRP1,RASGRP1,ortholog_one2one,1
RASGRP2,RASGRP2,ortholog_one2one,1
RASIP1,RASIP1,ortholog_one2one,1
RASL11A,RASL11A,ortholog_one2one,1
RASL12,RASL12,ortholog_one2one,1
RASSF2,RASSF2,ortholog_one2one,1
RASSF4,RASSF4,ortholog_one2one,1
RASSF5,RASSF5,ortholog_one2one,1
RASSF7,RASSF7,ortholog_one2one,1
RASSF8,RASSF8,ortholog_one2one,1
RAVER1,RAVER1,ortholog_one2one,1
RAVER2,RAVER2,ortholog_one2one,1
RB1,RB1,ortholog_one2one,1
RB1CC1,RB1CC1,ortholog_one2one,1
RBBP4,RBBP4,ortholog_one2one,1
RBBP5,RBBP5,ortholog_one2one,1
RBBP6,RBBP6,ortholog_one2one,1
RBBP7,RBBP7,ortholog_one2one,1
RBBP9,RBBP9,ortholog_one2one,1
RBCK1,RBCK1,ortholog_one2one,1
RBKS,RBKS,ortholog_one2one,1
RBL1,RBL1,ortholog_one2one,1
RBL2,RBL2,ortholog_one2one,1
RBM10,RBM10,ortholog_one2one,1
RBM14,RBM14,ortholog_one2one,1
RBM15,RBM15,ortholog_one2one,1
RBM17,RBM17,ortholog_one2one,1
RBM19,RBM19,ortholog_one2one,1
RBM20,RBM20,ortholog_one2one,1
RBM22,RBM22,ortholog_one2one,1
RBM25,RBM25,ortholog_one2one,1
RBM26,RBM26,ortholog_one2one,1
RBM27,RBM27,ortholog_one2one,1
RBM28,RBM28,ortholog_one2one,1
RBM33,RBM33,ortholog_one2one,1
RBM34,RBM34,ortholog_one2one,1
RBM39,RBM39,ortholog_one2one,1
RBM42,RBM42,ortholog_one2one,1
RBM47,RBM47,ortholog_one2one,1
RBM5,RBM5,ortholog_one2one,1
RBM6,RBM6,ortholog_one2one,1
RBM8A,RBM8A,ortholog_one2many,1
RBMS1,RBMS1,ortholog_one2one,1
RBMS2,RBMS2,ortholog_one2one,1
RBMS3,RBMS3,ortholog_one2one,1
RBMX2,RBMX2,ortholog_one2one,1
RBP1,RBP1,ortholog_one2one,1
RBP7,RBP7,ortholog_one2one,1
RBPJ,RBPJ,ortholog_one2one,1
RBX1,RBX1,ortholog_one2one,1
RC3H2,RC3H2,ortholog_one2one,1
RCAN1,RCAN1,ortholog_one2one,1
RCAN3,RCAN3,ortholog_one2one,1
RCBTB1,RCBTB1,ortholog_one2one,1
RCBTB2,RCBTB2,ortholog_one2one,1
RCC1,RCC1,ortholog_one2one,1
RCC2,RCC2,ortholog_one2one,1
RCHY1,RCHY1,ortholog_one2one,1
RCL1,RCL1,ortholog_one2one,1
RCSD1,RCSD1,ortholog_one2one,1
RDH10,RDH10,ortholog_one2one,1
RDH11,RDH11,ortholog_one2one,1
RDH12,RDH12,ortholog_one2one,1
RDH13,RDH13,ortholog_one2one,1
RDH14,RDH14,ortholog_one2one,1
RDH16,RDH16,ortholog_one2many,1
RDH7,RDH16,ortholog_one2many,0
RDX,RDX,ortholog_one2one,1
RECQL,RECQL,ortholog_one2one,1
REEP1,REEP1,ortholog_one2one,1
REEP4,REEP4,ortholog_one2one,1
REEP5,REEP5,ortholog_one2one,1
REL,REL,ortholog_one2one,1
RELA,RELA,ortholog_one2one,1
RELB,RELB,ortholog_one2one,1
RELL1,RELL1,ortholog_one2one,1
RELL2,RELL2,ortholog_one2one,1
REM2,REM2,ortholog_one2one,1
RENBP,RENBP,ortholog_one2one,1
REPS1,REPS1,ortholog_one2one,1
REPS2,REPS2,ortholog_one2one,1
RERE,RERE,ortholog_one2one,1
RETNLG,RETNLB,ortholog_one2many,1
RETSAT,RETSAT,ortholog_one2one,1
REXO2,REXO2,ortholog_one2one,1
REXO4,REXO4,ortholog_one2one,1
RFC1,RFC1,ortholog_one2one,1
RFC2,RFC2,ortholog_one2one,1
RFC3,RFC3,ortholog_one2one,1
RFC4,RFC4,ortholog_one2one,1
RFC5,RFC5,ortholog_one2one,1
RFESD,RFESD,ortholog_one2one,1
RFK,RFK,ortholog_one2one,1
RFT1,RFT1,ortholog_one2one,1
RFTN1,RFTN1,ortholog_one2one,1
RFTN2,RFTN2,ortholog_one2one,1
RFWD3,RFWD3,ortholog_one2one,1
RFX2,RFX2,ortholog_one2one,1
RGL1,RGL1,ortholog_one2one,1
RGL2,RGL2,ortholog_one2one,1
RGL3,RGL3,ortholog_one2one,1
RGN,RGN,ortholog_one2one,1
RGP1,RGP1,ortholog_one2one,1
RGS14,RGS14,ortholog_one2one,1
RGS17,RGS17,ortholog_one2one,1
RGS3,RGS3,ortholog_one2one,1
RGS6,RGS6,ortholog_one2one,1
RGS7,RGS7,ortholog_one2one,1
RGS7BP,RGS7BP,ortholog_one2one,1
RGS8,RGS8,ortholog_one2one,1
RGS9,RGS9,ortholog_one2one,1
RHAG,RHAG,ortholog_one2one,1
RHBDD3,RHBDD3,ortholog_one2one,1
RHBDF1,RHBDF1,ortholog_one2one,1
RHBDF2,RHBDF2,ortholog_one2one,1
RHBG,RHBG,ortholog_one2one,1
RHOA,RHOA,ortholog_one2one,1
RHOB,RHOB,ortholog_one2one,1
RHOBTB2,RHOBTB2,ortholog_one2one,1
RHOC,RHOC,ortholog_one2one,1
RHOD,RHOD,ortholog_one2one,1
RHOF,RHOF,ortholog_one2one,1
RHOG,RHOG,ortholog_one2one,1
RHOH,RHOH,ortholog_one2one,1
RHOQ,RHOQ,ortholog_one2one,1
RHOT1,RHOT1,ortholog_one2one,1
RHOT2,RHOT2,ortholog_one2one,1
RIC8A,RIC8A,ortholog_one2one,1
RIC8B,RIC8B,ortholog_one2one,1
RICTOR,RICTOR,ortholog_one2one,1
RIF1,RIF1,ortholog_one2one,1
RILP,RILP,ortholog_one2one,1
RILPL1,RILPL1,ortholog_one2one,1
RIMBP2,RIMBP2,ortholog_one2one,1
RIMS1,RIMS1,ortholog_one2one,1
RIMS2,RIMS2,ortholog_one2one,1
RIMS3,RIMS3,ortholog_one2one,1
RIN1,RIN1,ortholog_one2one,1
RIN2,RIN2,ortholog_one2one,1
RIN3,RIN3,ortholog_one2one,1
RING1,RING1,ortholog_one2one,1
RINT1,RINT1,ortholog_one2one,1
RIOK1,RIOK1,ortholog_one2one,1
RIOK2,RIOK2,ortholog_one2one,1
RIOK3,RIOK3,ortholog_one2one,1
RIPK1,RIPK1,ortholog_one2one,1
RIPK2,RIPK2,ortholog_one2one,1
RLBP1,RLBP1,ortholog_one2one,1
RMDN1,RMDN1,ortholog_one2one,1
RMDN2,RMDN2,ortholog_one2one,1
RMDN3,RMDN3,ortholog_one2one,1
RMND1,RMND1,ortholog_one2one,1
RMND5A,RMND5A,ortholog_one2one,1
RNASE1,RNASE1,ortholog_one2one,1
RNASE4,RNASE4,ortholog_one2one,1
RNASEH1,RNASEH1,ortholog_one2one,1
RNASEH2A,RNASEH2A,ortholog_one2one,1
RNASEL,RNASEL,ortholog_one2one,1
RND3,RND3,ortholog_one2one,1
RNF113A2,RNF113A,ortholog_one2many,0
RNF114,RNF114,ortholog_one2one,1
RNF121,RNF121,ortholog_one2one,1
RNF123,RNF123,ortholog_one2one,1
RNF126,RNF126,ortholog_one2one,1
RNF128,RNF128,ortholog_one2one,1
RNF13,RNF13,ortholog_one2one,1
RNF14,RNF14,ortholog_one2one,1
RNF146,RNF146,ortholog_one2one,1
RNF149,RNF149,ortholog_one2one,1
RNF20,RNF20,ortholog_one2one,1
RNF213,RNF213,ortholog_one2one,1
RNF214,RNF214,ortholog_one2one,1
RNF31,RNF31,ortholog_one2one,1
RNF34,RNF34,ortholog_one2one,1
RNF39,RNF39,ortholog_one2one,1
RNF40,RNF40,ortholog_one2one,1
RNF7,RNF7,ortholog_one2many,1
RNGTT,RNGTT,ortholog_one2one,1
RNH1,RNH1,ortholog_one2one,1
RNMT,RNMT,ortholog_one2one,1
RNPC3,RNPC3,ortholog_one2one,1
RNPEP,RNPEP,ortholog_one2one,1
RNPEPL1,RNPEPL1,ortholog_one2one,1
ROCK1,ROCK1,ortholog_one2one,1
ROCK2,ROCK2,ortholog_one2one,1
ROGDI,ROGDI,ortholog_one2one,1
ROPN1,ROPN1,ortholog_one2many,1
ROPN1,ROPN1B,ortholog_one2many,1
ROPN1L,ROPN1L,ortholog_one2one,1
RP2,RP2,ortholog_one2one,1
RP9,RP9,ortholog_one2one,1
RPA1,RPA1,ortholog_one2one,1
RPA2,RPA2,ortholog_one2one,1
RPA3,RPA3,ortholog_one2one,1
RPAP1,RPAP1,ortholog_one2one,1
RPAP3,RPAP3,ortholog_one2one,1
RPE,RPE,ortholog_one2many,1
RPE,RPEL1,ortholog_one2many,1
RPF2,RPF2,ortholog_one2one,1
RPGR,RPGR,ortholog_one2one,0
RPGRIP1L,RPGRIP1L,ortholog_one2one,1
RPH3A,RPH3A,ortholog_one2one,1
RPIA,RPIA,ortholog_one2one,1
RPL10A,RPL10A,ortholog_one2one,1
RPL10L,RPL10L,ortholog_one2one,1
RPL11,RPL11,ortholog_one2one,1
RPL12,RPL12,ortholog_one2one,1
RPL13A,RPL13A,ortholog_one2one,1
RPL14,RPL14,ortholog_one2one,1
RPL18A,RPL18A,ortholog_one2one,1
RPL22,RPL22,ortholog_one2one,1
RPL23,RPL23,ortholog_one2one,1
RPL27A,RPL27A,ortholog_one2one,1
RPL28,RPL28,ortholog_one2one,1
RPL3,RPL3,ortholog_one2one,1
RPL32,RPL32,ortholog_one2one,1
RPL34,RPL34,ortholog_one2one,1
RPL35A,RPL35A,ortholog_one2one,1
RPL36,RPL36,ortholog_one2one,1
RPL37,RPL37,ortholog_one2one,1
RPL3L,RPL3L,ortholog_one2one,1
RPL4,RPL4,ortholog_one2one,1
RPL5,RPL5,ortholog_one2one,1
RPL7A,RPL7A,ortholog_one2one,1
RPL8,RPL8,ortholog_one2one,1
RPLP1,RPLP1,ortholog_one2many,1
RPN1,RPN1,ortholog_one2one,1
RPP14,RPP14,ortholog_one2one,1
RPP25L,RPP25L,ortholog_one2one,1
RPP30,RPP30,ortholog_one2one,1
RPRD1A,RPRD1A,ortholog_one2one,1
RPRD1B,RPRD1B,ortholog_one2one,1
RPRD2,RPRD2,ortholog_one2one,1
RPS11,RPS11,ortholog_one2one,1
RPS15A,RPS15A,ortholog_one2one,1
RPS16,RPS16,ortholog_one2one,1
RPS17,RPS17,ortholog_one2one,1
RPS2,RPS2,ortholog_one2one,1
RPS20,RPS20,ortholog_one2one,1
RPS21,RPS21,ortholog_one2one,1
RPS23,RPS23,ortholog_one2one,1
RPS28,RPS28,ortholog_one2one,1
RPS5,RPS5,ortholog_one2one,1
RPS6,RPS6,ortholog_one2one,1
RPS6KA1,RPS6KA1,ortholog_one2one,1
RPS6KA3,RPS6KA3,ortholog_one2one,1
RPS6KA4,RPS6KA4,ortholog_one2one,1
RPS6KA5,RPS6KA5,ortholog_one2one,1
RPS6KB2,RPS6KB2,ortholog_one2one,1
RPS6KC1,RPS6KC1,ortholog_one2one,1
RPS8,RPS8,ortholog_one2one,1
RPSA,RPSA,ortholog_one2many,1
RPSA,RPSA2,ortholog_one2many,0
RPTOR,RPTOR,ortholog_one2one,1
RPUSD2,RPUSD2,ortholog_one2one,1
RPUSD3,RPUSD3,ortholog_one2one,1
RRAGA,RRAGA,ortholog_one2one,1
RRAGB,RRAGB,ortholog_one2one,1
RRAGC,RRAGC,ortholog_one2one,1
RRAGD,RRAGD,ortholog_one2one,1
RRAS,RRAS,ortholog_one2one,1
RRAS2,RRAS2,ortholog_one2one,1
RRBP1,RRBP1,ortholog_one2one,1
RREB1,RREB1,ortholog_one2one,1
RRM1,RRM1,ortholog_one2one,1
RRM2,RRM2,ortholog_one2one,1
RRM2B,RRM2B,ortholog_one2one,1
RRP12,RRP12,ortholog_one2one,1
RRP1B,RRP1B,ortholog_one2one,1
RRP7A,RRP7A,ortholog_one2one,1
RRP8,RRP8,ortholog_one2one,1
RRP9,RRP9,ortholog_one2one,1
RSAD2,RSAD2,ortholog_one2one,1
RSBN1,RSBN1,ortholog_one2one,1
RSBN1L,RSBN1L,ortholog_one2one,1
RSF1,RSF1,ortholog_one2one,1
RSL1D1,RSL1D1,ortholog_one2one,1
RSPH1,RSPH1,ortholog_one2one,1
RSPRY1,RSPRY1,ortholog_one2one,1
RSRC2,RSRC2,ortholog_one2one,1
RTCA,RTCA,ortholog_one2one,1
RTCB,RTCB,ortholog_one2one,1
RTF1,RTF1,ortholog_one2one,1
RTKN,RTKN,ortholog_one2one,1
RTKN2,RTKN2,ortholog_one2one,1
RTN1,RTN1,ortholog_one2one,1
RTN3,RTN3,ortholog_one2one,1
RTN4,RTN4,ortholog_one2one,1
RTN4IP1,RTN4IP1,ortholog_one2one,1
RTN4R,RTN4R,ortholog_one2one,1
RTP3,RTP3,ortholog_one2one,0
RTP4,RTP4,ortholog_one2one,0
RTTN,RTTN,ortholog_one2one,1
RUFY1,RUFY1,ortholog_one2one,1
RUFY2,RUFY2,ortholog_one2one,1
RUFY3,RUFY3,ortholog_one2one,1
RUNDC3A,RUNDC3A,ortholog_one2one,1
RUNDC3B,RUNDC3B,ortholog_one2one,1
RUNX1,RUNX1,ortholog_one2one,1
RUNX3,RUNX3,ortholog_one2one,1
RUSC1,RUSC1,ortholog_one2one,1
RUSC2,RUSC2,ortholog_one2one,1
RUVBL1,RUVBL1,ortholog_one2one,1
RUVBL2,RUVBL2,ortholog_one2one,1
RXRA,RXRA,ortholog_one2one,1
RXRB,RXRB,ortholog_one2one,1
RYR1,RYR1,ortholog_one2one,1
RYR2,RYR2,ortholog_one2one,1
RYR3,RYR3,ortholog_one2one,1
S100A11,S100A11,ortholog_one2one,1
S100A8,S100A8,ortholog_one2one,1
S100A9,S100A9,ortholog_one2many,1
S1PR3,S1PR3,ortholog_one2one,1
SAAL1,SAAL1,ortholog_one2one,1
SACM1L,SACM1L,ortholog_one2one,1
SACS,SACS,ortholog_one2one,1
SAE1,SAE1,ortholog_one2one,1
SAFB,SAFB,ortholog_one2one,1
SAFB2,SAFB2,ortholog_one2one,1
SAMD14,SAMD14,ortholog_one2one,1
SAMD8,SAMD8,ortholog_one2one,1
SAMD9L,SAMD9L,ortholog_one2one,1
SAMHD1,SAMHD1,ortholog_one2one,1
SAMM50,SAMM50,ortholog_one2one,1
SAMSN1,SAMSN1,ortholog_one2one,1
SAP130,SAP130,ortholog_one2one,1
SAP18,SAP18,ortholog_one2many,1
SAP30,SAP30,ortholog_one2one,1
SAP30BP,SAP30BP,ortholog_one2one,1
SAP30L,SAP30L,ortholog_one2one,1
SAR1A,SAR1A,ortholog_one2one,1
SAR1B,SAR1B,ortholog_one2one,1
SARDH,SARDH,ortholog_one2one,1
SARM1,SARM1,ortholog_one2one,1
SARNP,SARNP,ortholog_one2one,1
SARS2,SARS2,ortholog_one2one,1
SART1,SART1,ortholog_one2one,1
SART3,SART3,ortholog_one2one,1
SASH1,SASH1,ortholog_one2one,1
SASH3,SASH3,ortholog_one2one,1
SAT2,SAT2,ortholog_one2one,1
SATB1,SATB1,ortholog_one2one,1
SAYSD1,SAYSD1,ortholog_one2one,1
SBDS,SBDS,ortholog_one2one,1
SBF1,SBF1,ortholog_one2one,1
SBF2,SBF2,ortholog_one2one,1
SBK2,SBK2,ortholog_one2one,1
SBNO1,SBNO1,ortholog_one2one,1
SC5D,SC5D,ortholog_one2one,1
SCAF1,SCAF1,ortholog_one2one,1
SCAF11,SCAF11,ortholog_one2one,1
SCAF4,SCAF4,ortholog_one2one,1
SCAF8,SCAF8,ortholog_one2one,1
SCAI,SCAI,ortholog_one2one,1
SCAPER,SCAPER,ortholog_one2one,1
SCCPDH,SCCPDH,ortholog_one2one,1
SCEL,SCEL,ortholog_one2one,1
SCFD1,SCFD1,ortholog_one2one,1
SCFD2,SCFD2,ortholog_one2one,1
SCGB1A1,SCGB1A1,ortholog_one2one,1
SCHIP1,SCHIP1,ortholog_one2one,1
SCIN,SCIN,ortholog_one2one,1
SCLY,SCLY,ortholog_one2one,1
SCN1A,SCN1A,ortholog_one2one,1
SCN1B,SCN1B,ortholog_one2one,1
SCN2B,SCN2B,ortholog_one2one,1
SCN4A,SCN4A,ortholog_one2one,1
SCN4B,SCN4B,ortholog_one2one,1
SCN7A,SCN7A,ortholog_one2one,1
SCN8A,SCN8A,ortholog_one2one,1
SCNN1B,SCNN1B,ortholog_one2one,1
SCP2,SCP2,ortholog_one2one,1
SCPEP1,SCPEP1,ortholog_one2one,1
SCRIB,SCRIB,ortholog_one2one,1
SCRN1,SCRN1,ortholog_one2one,1
SCRN2,SCRN2,ortholog_one2one,1
SCRN3,SCRN3,ortholog_one2one,1
SCUBE1,SCUBE1,ortholog_one2one,1
SCYL1,SCYL1,ortholog_one2one,1
SCYL2,SCYL2,ortholog_one2one,1
SCYL3,SCYL3,ortholog_one2one,1
SDCBP,SDCBP,ortholog_one2one,1
SDE2,SDE2,ortholog_one2one,1
SDF2L1,SDF2L1,ortholog_one2one,1
SDHA,SDHA,ortholog_one2one,1
SDHAF1,SDHAF1,ortholog_one2one,1
SDHB,SDHB,ortholog_one2one,1
SDHC,SDHC,ortholog_one2one,1
SDK2,SDK2,ortholog_one2one,1
SDR42E1,SDR42E1,ortholog_one2one,1
SDS,SDS,ortholog_one2one,1
SDSL,SDSL,ortholog_one2one,1
SEC13,SEC13,ortholog_one2one,1
SEC14L1,SEC14L1,ortholog_one2one,1
SEC14L2,SEC14L2,ortholog_one2one,1
SEC14L3,SEC14L3,ortholog_one2one,1
SEC14L4,SEC14L4,ortholog_one2one,1
SEC16A,SEC16A,ortholog_one2one,1
SEC16B,SEC16B,ortholog_one2one,1
SEC22A,SEC22A,ortholog_one2one,1
SEC23A,SEC23A,ortholog_one2one,1
SEC23B,SEC23B,ortholog_one2one,1
SEC23IP,SEC23IP,ortholog_one2one,1
SEC24A,SEC24A,ortholog_one2one,1
SEC24B,SEC24B,ortholog_one2one,1
SEC24C,SEC24C,ortholog_one2one,1
SEC24D,SEC24D,ortholog_one2one,1
SEC31A,SEC31A,ortholog_one2one,1
SEC31B,SEC31B,ortholog_one2one,1
SEC61B,SEC61B,ortholog_one2one,1
SEC62,SEC62,ortholog_one2one,1
SEC63,SEC63,ortholog_one2one,1
SECISBP2,SECISBP2,ortholog_one2one,1
SECISBP2L,SECISBP2L,ortholog_one2one,1
SEH1L,SEH1L,ortholog_one2one,1
SEL1L,SEL1L,ortholog_one2one,1
SELENBP1,SELENBP1,ortholog_one2many,1
SELENBP2,SELENBP1,ortholog_one2many,0
SELP,SELP,ortholog_one2one,1
SEMA3C,SEMA3C,ortholog_one2one,1
SEMA3G,SEMA3G,ortholog_one2one,1
SEMA4B,SEMA4B,ortholog_one2one,1
SEMA4C,SEMA4C,ortholog_one2one,1
SEMA6A,SEMA6A,ortholog_one2one,1
SEMA7A,SEMA7A,ortholog_one2one,1
SENP6,SENP6,ortholog_one2one,1
SENP7,SENP7,ortholog_one2one,1
SENP8,SENP8,ortholog_one2one,1
SEPHS1,SEPHS1,ortholog_one2one,1
SEPHS2,SEPHS2,ortholog_one2one,1
SEPSECS,SEPSECS,ortholog_one2one,1
SERAC1,SERAC1,ortholog_one2one,1
SERBP1,SERBP1,ortholog_one2one,1
SERGEF,SERGEF,ortholog_one2one,1
SERHL,SERHL2,ortholog_one2one,1
SERINC1,SERINC1,ortholog_one2one,1
SERINC3,SERINC3,ortholog_one2one,1
SERPINA10,SERPINA10,ortholog_one2one,1
SERPINA1F,SERPINA2,ortholog_one2one,0
SERPINA3C,SERPINA3,ortholog_one2many,0
SERPINA3K,SERPINA3,ortholog_one2many,1
SERPINA3N,SERPINA3,ortholog_one2many,1
SERPINB2,SERPINB2,ortholog_one2one,1
SERPINB6B,SERPINB6,ortholog_one2many,0
SERPINB8,SERPINB8,ortholog_one2one,1
SERPINB9,SERPINB9,ortholog_one2many,0
SERPINC1,SERPINC1,ortholog_one2one,1
SERPIND1,SERPIND1,ortholog_one2one,1
SERPINE2,SERPINE2,ortholog_one2one,1
SERPINF1,SERPINF1,ortholog_one2one,1
SERPING1,SERPING1,ortholog_one2one,1
SERPINH1,SERPINH1,ortholog_one2one,1
SERTAD4,SERTAD4,ortholog_one2one,1
SESTD1,SESTD1,ortholog_one2one,1
SETD1B,SETD1B,ortholog_one2one,1
SETD2,SETD2,ortholog_one2one,1
SETD3,SETD3,ortholog_one2one,1
SETD7,SETD7,ortholog_one2one,1
SETDB2,SETDB2,ortholog_one2one,1
SETX,SETX,ortholog_one2one,1
SF1,SF1,ortholog_one2one,1
SF3A1,SF3A1,ortholog_one2one,1
SF3A2,SF3A2,ortholog_one2one,1
SF3A3,SF3A3,ortholog_one2one,1
SF3B1,SF3B1,ortholog_one2one,1
SF3B3,SF3B3,ortholog_one2one,1
SFMBT1,SFMBT1,ortholog_one2one,1
SFN,SFN,ortholog_one2one,1
SFR1,SFR1,ortholog_one2one,0
SFSWAP,SFSWAP,ortholog_one2one,1
SFTPA1,SFTPA1,ortholog_one2many,1
SFTPA1,SFTPA2,ortholog_one2many,1
SFXN1,SFXN1,ortholog_one2one,1
SFXN2,SFXN2,ortholog_one2one,1
SFXN3,SFXN3,ortholog_one2one,1
SFXN5,SFXN5,ortholog_one2one,1
SGCD,SGCD,ortholog_one2one,1
SGK2,SGK2,ortholog_one2one,1
SGK3,SGK3,ortholog_one2one,1
SGPL1,SGPL1,ortholog_one2one,1
SGPP1,SGPP1,ortholog_one2one,1
SGSM1,SGSM1,ortholog_one2one,1
SGSM3,SGSM3,ortholog_one2one,1
SGTA,SGTA,ortholog_one2one,1
SGTB,SGTB,ortholog_one2one,1
SH2B1,SH2B1,ortholog_one2one,1
SH2B2,SH2B2,ortholog_one2one,1
SH2D2A,SH2D2A,ortholog_one2one,1
SH2D3C,SH2D3C,ortholog_one2one,1
SH2D4A,SH2D4A,ortholog_one2one,1
SH2D5,SH2D5,ortholog_one2one,1
SH3BGRL,SH3BGRL,ortholog_one2one,1
SH3BGRL2,SH3BGRL2,ortholog_one2one,1
SH3BP1,SH3BP1,ortholog_one2one,1
SH3BP4,SH3BP4,ortholog_one2one,1
SH3BP5,SH3BP5,ortholog_one2one,1
SH3BP5L,SH3BP5L,ortholog_one2one,1
SH3D19,SH3D19,ortholog_one2one,1
SH3GL1,SH3GL1,ortholog_one2one,1
SH3GL2,SH3GL2,ortholog_one2one,1
SH3GL3,SH3GL3,ortholog_one2one,1
SH3GLB2,SH3GLB2,ortholog_one2one,1
SH3KBP1,SH3KBP1,ortholog_one2one,1
SH3PXD2A,SH3PXD2A,ortholog_one2one,1
SH3PXD2B,SH3PXD2B,ortholog_one2one,1
SH3TC1,SH3TC1,ortholog_one2one,1
SHANK1,SHANK1,ortholog_one2one,1
SHANK2,SHANK2,ortholog_one2one,1
SHANK3,SHANK3,ortholog_one2one,1
SHC1,SHC1,ortholog_one2one,1
SHC3,SHC3,ortholog_one2one,1
SHCBP1,SHCBP1,ortholog_one2one,1
SHD,SHD,ortholog_one2one,1
SHE,SHE,ortholog_one2one,1
SHISA9,SHISA9,ortholog_one2one,1
SHMT1,SHMT1,ortholog_one2one,1
SHMT2,SHMT2,ortholog_one2one,1
SHPK,SHPK,ortholog_one2one,1
SHPRH,SHPRH,ortholog_one2one,1
SHROOM2,SHROOM2,ortholog_one2one,1
SHROOM3,SHROOM3,ortholog_one2one,1
SHROOM4,SHROOM4,ortholog_one2one,1
SIAH1A,SIAH1,ortholog_one2many,1
SIDT2,SIDT2,ortholog_one2one,1
SIGIRR,SIGIRR,ortholog_one2one,1
SIGLEC1,SIGLEC1,ortholog_one2one,1
SIK2,SIK2,ortholog_one2one,1
SIK3,SIK3,ortholog_one2one,1
SIKE1,SIKE1,ortholog_one2one,1
SIN3A,SIN3A,ortholog_one2one,1
SIN3B,SIN3B,ortholog_one2one,1
SIPA1,SIPA1,ortholog_one2one,1
SIPA1L1,SIPA1L1,ortholog_one2one,1
SIPA1L2,SIPA1L2,ortholog_one2one,1
SIPA1L3,SIPA1L3,ortholog_one2one,1
SIRPA,SIRPA,ortholog_many2many,1
SIRPA,SIRPB1,ortholog_many2many,0
SIRPA,SIRPG,ortholog_many2many,0
SIRT1,SIRT1,ortholog_one2one,1
SIRT2,SIRT2,ortholog_one2one,1
SIRT4,SIRT4,ortholog_one2one,1
SIRT5,SIRT5,ortholog_one2one,1
SIRT6,SIRT6,ortholog_one2one,1
SIRT7,SIRT7,ortholog_one2one,1
SKAP1,SKAP1,ortholog_one2one,1
SKAP2,SKAP2,ortholog_one2one,1
SKI,SKI,ortholog_one2one,1
SKP1,SKP1,ortholog_one2one,1
SLA,SLA,ortholog_one2one,1
SLAIN2,SLAIN2,ortholog_one2one,1
SLC10A1,SLC10A1,ortholog_one2one,1
SLC10A5,SLC10A5,ortholog_one2one,1
SLC10A7,SLC10A7,ortholog_one2one,1
SLC11A2,SLC11A2,ortholog_one2one,1
SLC12A1,SLC12A1,ortholog_one2one,1
SLC12A2,SLC12A2,ortholog_one2one,1
SLC12A3,SLC12A3,ortholog_one2one,1
SLC12A4,SLC12A4,ortholog_one2one,1
SLC12A5,SLC12A5,ortholog_one2one,1
SLC12A6,SLC12A6,ortholog_one2one,1
SLC12A7,SLC12A7,ortholog_one2one,1
SLC12A9,SLC12A9,ortholog_one2one,1
SLC14A1,SLC14A1,ortholog_one2one,1
SLC15A4,SLC15A4,ortholog_one2one,1
SLC17A1,SLC17A1,ortholog_one2one,1
SLC17A6,SLC17A6,ortholog_one2one,1
SLC19A1,SLC19A1,ortholog_one2one,1
SLC1A1,SLC1A1,ortholog_one2one,1
SLC1A2,SLC1A2,ortholog_one2one,1
SLC1A3,SLC1A3,ortholog_one2one,1
SLC1A5,SLC1A5,ortholog_one2one,1
SLC1A6,SLC1A6,ortholog_one2one,1
SLC22A1,SLC22A1,ortholog_one2one,1
SLC22A12,SLC22A12,ortholog_one2one,1
SLC22A17,SLC22A17,ortholog_one2one,1
SLC22A18,SLC67A1,ortholog_one2one,1
SLC22A2,SLC22A2,ortholog_one2one,1
SLC22A23,SLC22A23,ortholog_one2one,1
SLC22A26,SLC22A9,ortholog_one2many,1
SLC22A28,SLC22A9,ortholog_one2many,1
SLC22A3,SLC22A3,ortholog_one2one,1
SLC22A6,SLC22A6,ortholog_one2one,1
SLC22A7,SLC22A7,ortholog_one2one,1
SLC23A1,SLC23A1,ortholog_one2one,1
SLC23A2,SLC23A2,ortholog_one2one,1
SLC23A3,SLC23A3,ortholog_one2one,1
SLC24A2,SLC24A2,ortholog_one2one,1
SLC25A1,SLC25A1,ortholog_one2one,1
SLC25A10,SLC25A10,ortholog_one2one,1
SLC25A11,SLC25A11,ortholog_one2one,1
SLC25A12,SLC25A12,ortholog_one2one,1
SLC25A13,SLC25A13,ortholog_one2one,1
SLC25A15,SLC25A15,ortholog_one2one,1
SLC25A16,SLC25A16,ortholog_one2one,1
SLC25A18,SLC25A18,ortholog_one2one,1
SLC25A19,SLC25A19,ortholog_one2one,1
SLC25A20,SLC25A20,ortholog_one2one,1
SLC25A21,SLC25A21,ortholog_one2one,1
SLC25A22,SLC25A22,ortholog_one2one,1
SLC25A23,SLC25A23,ortholog_one2one,1
SLC25A24,SLC25A24,ortholog_one2one,1
SLC25A25,SLC25A25,ortholog_one2one,1
SLC25A26,SLC25A26,ortholog_one2one,1
SLC25A3,SLC25A3,ortholog_one2one,1
SLC25A30,SLC25A30,ortholog_one2one,1
SLC25A31,SLC25A31,ortholog_one2one,1
SLC25A32,SLC25A32,ortholog_one2one,1
SLC25A34,SLC25A34,ortholog_one2one,1
SLC25A35,SLC25A35,ortholog_one2one,1
SLC25A36,SLC25A36,ortholog_one2one,1
SLC25A4,SLC25A4,ortholog_one2one,1
SLC25A40,SLC25A40,ortholog_one2one,1
SLC25A42,SLC25A42,ortholog_one2one,1
SLC25A45,SLC25A45,ortholog_one2one,1
SLC25A46,SLC25A46,ortholog_one2one,1
SLC25A48,SLC25A48,ortholog_one2one,1
SLC25A5,SLC25A5,ortholog_one2one,1
SLC25A51,SLC25A51,ortholog_one2many,1
SLC25A51,SLC25A52,ortholog_one2many,1
SLC26A1,SLC26A1,ortholog_one2one,1
SLC26A4,SLC26A4,ortholog_one2one,1
SLC27A1,SLC27A1,ortholog_one2one,1
SLC27A2,SLC27A2,ortholog_one2one,1
SLC27A3,SLC27A3,ortholog_one2one,1
SLC27A4,SLC27A4,ortholog_one2one,1
SLC27A5,SLC27A5,ortholog_one2one,1
SLC28A2,SLC28A2,ortholog_one2many,1
SLC29A1,SLC29A1,ortholog_one2one,1
SLC2A13,SLC2A13,ortholog_one2one,1
SLC2A2,SLC2A2,ortholog_one2one,1
SLC30A1,SLC30A1,ortholog_one2one,1
SLC30A10,SLC30A10,ortholog_one2one,1
SLC30A3,SLC30A3,ortholog_one2one,1
SLC30A7,SLC30A7,ortholog_one2one,1
SLC31A1,SLC31A1,ortholog_one2one,1
SLC32A1,SLC32A1,ortholog_one2one,1
SLC34A1,SLC34A1,ortholog_one2one,1
SLC34A2,SLC34A2,ortholog_one2one,1
SLC34A3,SLC34A3,ortholog_one2one,1
SLC35A2,SLC35A2,ortholog_one2one,1
SLC35E2,SLC35E2B,ortholog_one2one,1
SLC35F6,SLC35F6,ortholog_one2one,1
SLC38A3,SLC38A3,ortholog_one2one,1
SLC38A4,SLC38A4,ortholog_one2one,1
SLC38A7,SLC38A7,ortholog_one2one,1
SLC38A9,SLC38A9,ortholog_one2one,1
SLC3A1,SLC3A1,ortholog_one2one,1
SLC43A1,SLC43A1,ortholog_one2one,1
SLC43A2,SLC43A2,ortholog_one2one,1
SLC43A3,SLC43A3,ortholog_one2one,1
SLC44A1,SLC44A1,ortholog_one2one,1
SLC44A2,SLC44A2,ortholog_one2one,1
SLC47A1,SLC47A1,ortholog_one2one,1
SLC4A1,SLC4A1,ortholog_one2one,1
SLC4A10,SLC4A10,ortholog_one2one,1
SLC4A1AP,SLC4A1AP,ortholog_one2one,1
SLC4A3,SLC4A3,ortholog_one2one,1
SLC4A4,SLC4A4,ortholog_one2one,1
SLC4A7,SLC4A7,ortholog_one2one,1
SLC4A8,SLC4A8,ortholog_one2one,1
SLC51A,SLC51A,ortholog_one2one,1
SLC5A3,SLC5A3,ortholog_one2one,1
SLC5A8,SLC5A8,ortholog_one2one,1
SLC5A9,SLC5A9,ortholog_one2one,1
SLC6A1,SLC6A1,ortholog_one2one,1
SLC6A11,SLC6A11,ortholog_one2one,1
SLC6A12,SLC6A12,ortholog_one2one,1
SLC6A13,SLC6A13,ortholog_one2one,1
SLC6A17,SLC6A17,ortholog_one2one,1
SLC6A18,SLC6A18,ortholog_one2one,1
SLC6A2,SLC6A2,ortholog_one2one,1
SLC6A20B,SLC6A20,ortholog_one2many,1
SLC6A3,SLC6A3,ortholog_one2one,1
SLC6A4,SLC6A4,ortholog_one2one,1
SLC6A5,SLC6A5,ortholog_one2one,1
SLC6A9,SLC6A9,ortholog_one2one,1
SLC7A1,SLC7A1,ortholog_one2one,1
SLC7A10,SLC7A10,ortholog_one2one,1
SLC7A14,SLC7A14,ortholog_one2one,1
SLC7A2,SLC7A2,ortholog_one2one,1
SLC7A3,SLC7A3,ortholog_one2one,1
SLC7A6OS,SLC7A6OS,ortholog_one2one,1
SLC7A7,SLC7A7,ortholog_one2one,1
SLC7A8,SLC7A8,ortholog_one2one,1
SLC8A1,SLC8A1,ortholog_one2one,1
SLC8A2,SLC8A2,ortholog_one2one,1
SLC8B1,SLC8B1,ortholog_one2one,1
SLC9A1,SLC9A1,ortholog_one2one,1
SLC9A2,SLC9A2,ortholog_one2one,1
SLC9A3,SLC9A3,ortholog_one2one,1
SLC9A6,SLC9A6,ortholog_one2one,1
SLC9A9,SLC9A9,ortholog_one2one,1
SLCO1A1,SLCO1A2,ortholog_one2many,1
SLCO1A4,SLCO1A2,ortholog_one2many,1
SLCO1A6,SLCO1A2,ortholog_one2many,1
SLCO1B2,SLCO1B1,ortholog_one2many,1
SLCO1B2,SLCO1B3,ortholog_one2many,1
SLCO1C1,SLCO1C1,ortholog_one2one,1
SLCO2A1,SLCO2A1,ortholog_one2one,1
SLCO3A1,SLCO3A1,ortholog_one2one,1
SLFN1,SLFN12,ortholog_many2many,0
SLFN1,SLFN12L,ortholog_many2many,0
SLFN14,SLFN14,ortholog_one2one,1
SLFN5,SLFN5,ortholog_one2one,1
SLFN9,SLFN11,ortholog_many2many,1
SLFN9,SLFN13,ortholog_many2many,0
SLIRP,SLIRP,ortholog_one2one,1
SLITRK5,SLITRK5,ortholog_one2one,1
SLK,SLK,ortholog_one2one,1
SLMAP,SLMAP,ortholog_one2one,1
SLTM,SLTM,ortholog_one2one,1
SLU7,SLU7,ortholog_one2one,1
SMAD1,SMAD1,ortholog_one2one,1
SMAD2,SMAD2,ortholog_one2one,1
SMAD4,SMAD4,ortholog_one2one,1
SMAP1,SMAP1,ortholog_one2one,1
SMAP2,SMAP2,ortholog_one2one,1
SMARCA1,SMARCA1,ortholog_one2one,1
SMARCA2,SMARCA2,ortholog_one2one,1
SMARCA4,SMARCA4,ortholog_one2one,1
SMARCA5,SMARCA5,ortholog_one2one,1
SMARCAD1,SMARCAD1,ortholog_one2one,1
SMARCB1,SMARCB1,ortholog_one2one,1
SMARCC1,SMARCC1,ortholog_one2one,1
SMARCC2,SMARCC2,ortholog_one2one,1
SMARCD1,SMARCD1,ortholog_one2one,1
SMARCD2,SMARCD2,ortholog_one2one,1
SMC1A,SMC1A,ortholog_one2one,1
SMC2,SMC2,ortholog_one2one,1
SMC3,SMC3,ortholog_one2one,1
SMC4,SMC4,ortholog_one2one,1
SMC5,SMC5,ortholog_one2one,1
SMC6,SMC6,ortholog_one2one,1
SMCHD1,SMCHD1,ortholog_one2one,1
SMCO1,SMCO1,ortholog_one2one,1
SMCR8,SMCR8,ortholog_one2one,1
SMG1,SMG1,ortholog_one2one,1
SMG5,SMG5,ortholog_one2one,1
SMG6,SMG6,ortholog_one2one,1
SMG7,SMG7,ortholog_one2one,1
SMG8,SMG8,ortholog_one2one,1
SMG9,SMG9,ortholog_one2one,1
SMIM1,SMIM1,ortholog_one2one,1
SMN1,SMN1,ortholog_one2many,1
SMN1,SMN2,ortholog_one2many,1
SMNDC1,SMNDC1,ortholog_one2one,1
SMOX,SMOX,ortholog_one2one,1
SMPD2,SMPD2,ortholog_one2one,1
SMPD3,SMPD3,ortholog_one2one,1
SMPD4,SMPD4,ortholog_one2one,1
SMPDL3A,SMPDL3A,ortholog_one2one,1
SMS,SMS,ortholog_one2one,1
SMTN,SMTN,ortholog_one2one,1
SMTNL1,SMTNL1,ortholog_one2one,1
SMTNL2,SMTNL2,ortholog_one2one,1
SMU1,SMU1,ortholog_one2one,1
SMUG1,SMUG1,ortholog_one2one,1
SMURF2,SMURF2,ortholog_one2one,1
SMYD1,SMYD1,ortholog_one2one,1
SMYD2,SMYD2,ortholog_one2one,1
SMYD5,SMYD5,ortholog_one2one,1
SNAP47,SNAP47,ortholog_one2one,1
SNAP91,SNAP91,ortholog_one2one,1
SNAPIN,SNAPIN,ortholog_one2one,1
SND1,SND1,ortholog_one2one,1
SNF8,SNF8,ortholog_one2one,1
SNPH,SNPH,ortholog_one2one,1
SNRK,SNRK,ortholog_one2one,1
SNRNP200,SNRNP200,ortholog_one2one,1
SNRNP40,SNRNP40,ortholog_one2one,1
SNRNP48,SNRNP48,ortholog_one2one,1
SNRNP70,SNRNP70,ortholog_one2one,1
SNRPB,SNRPB,ortholog_one2one,1
SNRPC,SNRPC,ortholog_one2one,1
SNRPD2,SNRPD2,ortholog_one2one,1
SNRPD3,SNRPD3,ortholog_one2one,1
SNRPF,SNRPF,ortholog_one2one,1
SNTA1,SNTA1,ortholog_one2one,1
SNTB2,SNTB2,ortholog_one2one,1
SNW1,SNW1,ortholog_one2one,1
SNX1,SNX1,ortholog_one2one,1
SNX12,SNX12,ortholog_one2one,1
SNX13,SNX13,ortholog_one2one,1
SNX16,SNX16,ortholog_one2one,1
SNX17,SNX17,ortholog_one2one,1
SNX18,SNX18,ortholog_one2one,1
SNX2,SNX2,ortholog_one2one,1
SNX21,SNX21,ortholog_one2one,1
SNX25,SNX25,ortholog_one2one,1
SNX27,SNX27,ortholog_one2one,1
SNX29,SNX29,ortholog_one2one,1
SNX3,SNX3,ortholog_one2one,1
SNX30,SNX30,ortholog_one2one,1
SNX33,SNX33,ortholog_one2one,1
SNX4,SNX4,ortholog_one2one,1
SNX5,SNX5,ortholog_one2one,1
SNX6,SNX6,ortholog_one2one,1
SNX7,SNX7,ortholog_one2one,1
SNX8,SNX8,ortholog_one2one,1
SNX9,SNX9,ortholog_one2one,1
SOAT1,SOAT1,ortholog_one2one,1
SOAT2,SOAT2,ortholog_one2one,1
SOD1,SOD1,ortholog_one2one,1
SOD3,SOD3,ortholog_one2one,1
SON,SON,ortholog_one2one,1
SORBS1,SORBS1,ortholog_one2one,1
SORBS2,SORBS2,ortholog_one2one,1
SORBS3,SORBS3,ortholog_one2one,1
SORCS2,SORCS2,ortholog_one2one,1
SORCS3,SORCS3,ortholog_one2one,1
SORD,SORD,ortholog_one2one,1
SORL1,SORL1,ortholog_one2one,1
SORT1,SORT1,ortholog_one2one,1
SOS1,SOS1,ortholog_one2one,1
SOS2,SOS2,ortholog_one2one,1
SOWAHC,SOWAHC,ortholog_one2one,1
SP1,SP1,ortholog_one2one,1
SP100,SP140,ortholog_one2one,0
SP110,SP110,ortholog_one2many,0
SP2,SP2,ortholog_one2one,1
SP4,SP4,ortholog_one2one,1
SPAG1,SPAG1,ortholog_one2one,1
SPAG7,SPAG7,ortholog_one2one,1
SPAG9,SPAG9,ortholog_one2one,1
SPAST,SPAST,ortholog_one2one,1
SPATA13,SPATA13,ortholog_one2one,1
SPATA18,SPATA18,ortholog_one2one,1
SPATA2,SPATA2,ortholog_one2one,1
SPATA2L,SPATA2L,ortholog_one2one,1
SPATA6,SPATA6,ortholog_one2one,1
SPATC1,SPATC1,ortholog_one2one,1
SPATS2,SPATS2,ortholog_one2one,1
SPATS2L,SPATS2L,ortholog_one2one,1
SPC25,SPC25,ortholog_one2one,1
SPCS2,SPCS2,ortholog_one2one,1
SPECC1,SPECC1,ortholog_one2one,1
SPECC1L,SPECC1L,ortholog_one2one,1
SPEG,SPEG,ortholog_one2one,1
SPG11,SPG11,ortholog_one2one,1
SPG21,SPG21,ortholog_one2one,1
SPG7,SPG7,ortholog_one2one,1
SPHK1,SPHK1,ortholog_one2one,1
SPHK2,SPHK2,ortholog_one2one,1
SPHKAP,SPHKAP,ortholog_one2one,1
SPICE1,SPICE1,ortholog_one2one,1
SPIN1,SPIN1,ortholog_one2one,1
SPNS1,SPNS1,ortholog_one2one,1
SPNS2,SPNS2,ortholog_one2one,1
SPON1,SPON1,ortholog_one2one,1
SPR,SPR,ortholog_one2one,1
SPRED1,SPRED1,ortholog_one2one,1
SPRED2,SPRED2,ortholog_one2one,1
SPRY2,SPRY2,ortholog_one2one,1
SPRYD3,SPRYD3,ortholog_one2one,1
SPRYD4,SPRYD4,ortholog_one2one,1
SPRYD7,SPRYD7,ortholog_one2one,1
SPSB2,SPSB2,ortholog_one2one,1
SPTA1,SPTA1,ortholog_one2one,1
SPTAN1,SPTAN1,ortholog_one2one,1
SPTB,SPTB,ortholog_one2one,1
SPTBN1,SPTBN1,ortholog_one2one,1
SPTBN2,SPTBN2,ortholog_one2one,1
SPTBN4,SPTBN4,ortholog_one2one,1
SPTBN5,SPTBN5,ortholog_one2one,1
SPTLC1,SPTLC1,ortholog_one2one,1
SPTLC2,SPTLC2,ortholog_one2one,1
SQLE,SQLE,ortholog_one2one,1
SQSTM1,SQSTM1,ortholog_one2one,1
SRA1,SRA1,ortholog_one2one,1
SRBD1,SRBD1,ortholog_one2one,1
SRC,SRC,ortholog_one2one,1
SRCAP,SRCAP,ortholog_one2one,1
SRCIN1,SRCIN1,ortholog_one2one,1
SRD5A3,SRD5A3,ortholog_one2one,1
SREBF1,SREBF1,ortholog_one2one,1
SRGAP1,SRGAP1,ortholog_one2one,1
SRGAP2,SRGAP2,ortholog_one2many,1
SRGAP2,SRGAP2B,ortholog_one2many,0
SRGAP2,SRGAP2C,ortholog_one2many,0
SRGAP3,SRGAP3,ortholog_one2one,1
SRL,SRL,ortholog_one2one,0
SRM,SRM,ortholog_one2one,1
SRP19,SRP19,ortholog_one2one,1
SRP68,SRP68,ortholog_one2one,1
SRP72,SRP72,ortholog_one2one,1
SRP9,SRP9,ortholog_one2one,1
SRPK1,SRPK1,ortholog_one2one,1
SRPK2,SRPK2,ortholog_one2one,1
SRPRB,SRPRB,ortholog_one2one,1
SRR,SRR,ortholog_one2one,1
SRRM1,SRRM1,ortholog_one2one,1
SRRM2,SRRM2,ortholog_one2one,1
SRRT,SRRT,ortholog_one2one,1
SRSF1,SRSF1,ortholog_one2one,1
SRSF10,SRSF10,ortholog_one2one,1
SRSF5,SRSF5,ortholog_one2one,1
SRSF6,SRSF6,ortholog_one2one,1
SRSF7,SRSF7,ortholog_one2one,1
SRSF9,SRSF9,ortholog_one2one,1
SRXN1,SRXN1,ortholog_one2one,1
SS18L1,SS18L1,ortholog_one2one,1
SSB,SSB,ortholog_one2one,1
SSH2,SSH2,ortholog_one2one,1
SSH3,SSH3,ortholog_one2one,1
SSRP1,SSRP1,ortholog_one2one,1
SSU72,SSU72,ortholog_one2one,1
ST13,ST13,ortholog_one2one,1
STAB2,STAB2,ortholog_one2one,1
STAC2,STAC2,ortholog_one2one,1
STAC3,STAC3,ortholog_one2one,1
STAG1,STAG1,ortholog_one2one,1
STAG2,STAG2,ortholog_one2one,1
STAM2,STAM2,ortholog_one2one,1
STAMBP,STAMBP,ortholog_one2one,1
STAR,STAR,ortholog_one2one,1
STARD10,STARD10,ortholog_one2one,1
STARD13,STARD13,ortholog_one2one,1
STARD3,STARD3,ortholog_one2one,1
STARD8,STARD8,ortholog_one2one,1
STAT1,STAT1,ortholog_one2one,1
STAT2,STAT2,ortholog_one2one,1
STAT3,STAT3,ortholog_one2one,1
STAT4,STAT4,ortholog_one2one,1
STAT5A,STAT5A,ortholog_one2one,1
STAT5B,STAT5B,ortholog_one2one,1
STAT6,STAT6,ortholog_one2one,1
STAU1,STAU1,ortholog_one2one,1
STAU2,STAU2,ortholog_one2one,1
STBD1,STBD1,ortholog_one2one,1
STEAP3,STEAP3,ortholog_one2one,1
STEAP4,STEAP4,ortholog_one2one,1
STIM1,STIM1,ortholog_one2one,1
STIM2,STIM2,ortholog_one2one,1
STIP1,STIP1,ortholog_one2one,1
STK10,STK10,ortholog_one2one,1
STK11,STK11,ortholog_one2one,1
STK11IP,STK11IP,ortholog_one2one,1
STK16,STK16,ortholog_one2one,1
STK24,STK24,ortholog_one2one,1
STK25,STK25,ortholog_one2one,1
STK3,STK3,ortholog_one2one,1
STK32C,STK32C,ortholog_one2one,1
STK38,STK38,ortholog_one2one,1
STK38L,STK38L,ortholog_one2one,1
STK39,STK39,ortholog_one2one,1
STK4,STK4,ortholog_one2one,1
STMN4,STMN4,ortholog_one2one,1
STOML2,STOML2,ortholog_one2one,1
STON1,STON1,ortholog_one2one,1
STON2,STON2,ortholog_one2one,1
STOX2,STOX2,ortholog_one2one,1
STRADA,STRADA,ortholog_one2one,1
STRADB,STRADB,ortholog_one2one,1
STRAP,STRAP,ortholog_one2one,1
STRBP,STRBP,ortholog_one2one,1
STRIP1,STRIP1,ortholog_one2one,1
STRIP2,STRIP2,ortholog_one2one,1
STRN,STRN,ortholog_one2one,1
STRN3,STRN3,ortholog_one2one,1
STRN4,STRN4,ortholog_one2one,1
STS,STS,ortholog_one2one,0
STT3A,STT3A,ortholog_one2one,1
STT3B,STT3B,ortholog_one2one,1
STUB1,STUB1,ortholog_one2one,1
STX12,STX12,ortholog_one2one,1
STX16,STX16,ortholog_one2one,1
STX17,STX17,ortholog_one2one,1
STX18,STX18,ortholog_one2one,1
STX2,STX2,ortholog_one2one,1
STX7,STX7,ortholog_one2one,1
STX8,STX8,ortholog_one2one,1
STXBP1,STXBP1,ortholog_one2one,1
STXBP2,STXBP2,ortholog_one2one,1
STXBP3,STXBP3,ortholog_one2one,1
STXBP4,STXBP4,ortholog_one2one,1
STXBP5,STXBP5,ortholog_one2one,1
STXBP5L,STXBP5L,ortholog_one2one,1
STXBP6,STXBP6,ortholog_one2one,1
SUCLA2,SUCLA2,ortholog_one2one,1
SUCLG1,SUCLG1,ortholog_one2one,1
SUCLG2,SUCLG2,ortholog_one2one,1
SUDS3,SUDS3,ortholog_one2one,1
SUGCT,SUGCT,ortholog_one2one,1
SUGP2,SUGP2,ortholog_one2one,1
SUGT1,SUGT1,ortholog_one2one,1
SULT1C2,SULT1C2,ortholog_one2one,1
SULT1E1,SULT1E1,ortholog_one2one,1
SULT4A1,SULT4A1,ortholog_one2one,1
SUMO1,SUMO1,ortholog_one2one,1
SUN1,SUN1,ortholog_one2one,1
SUN2,SUN2,ortholog_one2one,1
SUOX,SUOX,ortholog_one2one,1
SUPV3L1,SUPV3L1,ortholog_one2one,1
SURF2,SURF2,ortholog_one2one,1
SURF4,SURF4,ortholog_one2one,1
SURF6,SURF6,ortholog_one2one,1
SUSD2,SUSD2,ortholog_one2one,1
SUV39H1,SUV39H1,ortholog_one2one,1
SUZ12,SUZ12,ortholog_one2one,1
SV2A,SV2A,ortholog_one2one,1
SV2B,SV2B,ortholog_one2one,1
SV2C,SV2C,ortholog_one2one,1
SVIL,SVIL,ortholog_one2one,1
SVOP,SVOP,ortholog_one2one,1
SWAP70,SWAP70,ortholog_one2one,1
SYAP1,SYAP1,ortholog_one2one,1
SYDE1,SYDE1,ortholog_one2one,1
SYK,SYK,ortholog_one2one,1
SYMPK,SYMPK,ortholog_one2one,1
SYN2,SYN2,ortholog_one2one,1
SYNCRIP,SYNCRIP,ortholog_one2one,1
SYNE1,SYNE1,ortholog_one2one,1
SYNE2,SYNE2,ortholog_one2one,1
SYNE3,SYNE3,ortholog_one2one,1
SYNGAP1,SYNGAP1,ortholog_one2one,1
SYNJ1,SYNJ1,ortholog_one2one,1
SYNJ2BP,SYNJ2BP,ortholog_one2one,1
SYNM,SYNM,ortholog_one2one,1
SYNPO,SYNPO,ortholog_one2one,1
SYNPO2,SYNPO2,ortholog_one2one,1
SYNPO2L,SYNPO2L,ortholog_one2one,1
SYNPR,SYNPR,ortholog_one2one,1
SYNRG,SYNRG,ortholog_one2one,1
SYP,SYP,ortholog_one2one,1
SYPL1,SYPL1,ortholog_one2one,1
SYPL2,SYPL2,ortholog_one2one,1
SYT12,SYT12,ortholog_one2one,1
SYT15,SYT15,ortholog_one2many,1
SYT15,SYT15B,ortholog_one2many,1
SYT17,SYT17,ortholog_one2one,1
SYT2,SYT2,ortholog_one2one,1
SYT3,SYT3,ortholog_one2one,1
SYT5,SYT5,ortholog_one2one,1
SYT6,SYT6,ortholog_one2one,1
SYT7,SYT7,ortholog_one2one,1
SYTL2,SYTL2,ortholog_one2one,1
SYTL4,SYTL4,ortholog_one2one,1
SYVN1,SYVN1,ortholog_one2one,1
SZT2,SZT2,ortholog_one2one,1
TAB3,TAB3,ortholog_one2one,1
TACC1,TACC1,ortholog_one2one,1
TACC2,TACC2,ortholog_one2one,1
TACC3,TACC3,ortholog_one2one,0
TACO1,TACO1,ortholog_one2one,1
TAF10,TAF10,ortholog_one2one,1
TAF2,TAF2,ortholog_one2one,1
TAF5,TAF5,ortholog_one2one,1
TAF5L,TAF5L,ortholog_one2one,1
TAF6,TAF6,ortholog_one2one,1
TAF9B,TAF9B,ortholog_one2one,1
TAGLN,TAGLN,ortholog_one2one,1
TAGLN2,TAGLN2,ortholog_one2one,1
TAGLN3,TAGLN3,ortholog_one2one,1
TALDO1,TALDO1,ortholog_one2one,1
TAMM41,TAMM41,ortholog_one2one,1
TANC1,TANC1,ortholog_one2one,1
TANC2,TANC2,ortholog_one2one,1
TANGO2,TANGO2,ortholog_one2one,1
TANGO6,TANGO6,ortholog_one2one,1
TAOK1,TAOK1,ortholog_one2one,1
TAOK2,TAOK2,ortholog_one2one,1
TAOK3,TAOK3,ortholog_one2one,1
TAP1,TAP1,ortholog_one2one,1
TAP2,TAP2,ortholog_one2one,1
TAPBP,TAPBP,ortholog_one2one,1
TAPBPL,TAPBPL,ortholog_one2one,1
TAPT1,TAPT1,ortholog_one2one,1
TARBP2,TARBP2,ortholog_one2one,1
TARDBP,TARDBP,ortholog_one2one,1
TARS2,TARS2,ortholog_one2one,1
TAT,TAT,ortholog_one2one,1
TATDN1,TATDN1,ortholog_one2one,1
TATDN2,TATDN2,ortholog_one2one,1
TAX1BP1,TAX1BP1,ortholog_one2one,1
TBC1D1,TBC1D1,ortholog_one2one,1
TBC1D10A,TBC1D10A,ortholog_one2one,1
TBC1D10B,TBC1D10B,ortholog_one2one,1
TBC1D10C,TBC1D10C,ortholog_one2one,1
TBC1D13,TBC1D13,ortholog_one2one,1
TBC1D15,TBC1D15,ortholog_one2one,1
TBC1D2,TBC1D2,ortholog_one2one,1
TBC1D22A,TBC1D22A,ortholog_one2one,1
TBC1D23,TBC1D23,ortholog_one2one,1
TBC1D24,TBC1D24,ortholog_one2one,1
TBC1D2B,TBC1D2B,ortholog_one2one,1
TBC1D32,TBC1D32,ortholog_one2one,1
TBC1D4,TBC1D4,ortholog_one2one,1
TBC1D5,TBC1D5,ortholog_one2one,1
TBC1D7,TBC1D7,ortholog_one2one,1
TBC1D8B,TBC1D8B,ortholog_one2one,1
TBC1D9,TBC1D9,ortholog_one2one,1
TBC1D9B,TBC1D9B,ortholog_one2one,1
TBCA,TBCA,ortholog_one2one,1
TBCB,TBCB,ortholog_one2one,1
TBCC,TBCC,ortholog_one2one,1
TBCD,TBCD,ortholog_one2one,1
TBCE,TBCE,ortholog_one2one,1
TBCEL,TBCEL,ortholog_one2one,1
TBCK,TBCK,ortholog_one2one,1
TBK1,TBK1,ortholog_one2one,1
TBKBP1,TBKBP1,ortholog_one2one,1
TBL1X,TBL1X,ortholog_one2many,1
TBL1X,TBL1Y,ortholog_one2many,1
TBL1XR1,TBL1XR1,ortholog_one2one,1
TBL2,TBL2,ortholog_one2one,1
TBL3,TBL3,ortholog_one2one,1
TBP,TBP,ortholog_one2one,1
TBPL1,TBPL1,ortholog_one2one,1
TBR1,TBR1,ortholog_one2one,1
TBRG4,TBRG4,ortholog_one2one,1
TBX15,TBX15,ortholog_one2one,1
TBX3,TBX3,ortholog_one2one,1
TBX4,TBX4,ortholog_one2one,1
TBXAS1,TBXAS1,ortholog_one2one,1
TCAP,TCAP,ortholog_one2one,1
TCEA1,TCEA1,ortholog_one2one,1
TCEA3,TCEA3,ortholog_one2one,1
TCEAL5,TCEAL5,ortholog_many2many,1
TCEAL5,TCEAL3,ortholog_many2many,0
TCEAL5,TCEAL6,ortholog_many2many,0
TCEAL6,TCEAL6,ortholog_many2many,1
TCEAL6,TCEAL3,ortholog_many2many,0
TCEAL6,TCEAL5,ortholog_many2many,0
TCERG1,TCERG1,ortholog_one2one,1
TCF20,TCF20,ortholog_one2many,1
TCF25,TCF25,ortholog_one2one,1
TCF3,TCF3,ortholog_one2one,1
TCF7,TCF7,ortholog_one2one,1
TCFL5,TCFL5,ortholog_one2one,1
TCHHL1,TCHHL1,ortholog_one2one,0
TCIRG1,TCIRG1,ortholog_one2one,1
TCOF1,TCOF1,ortholog_one2one,1
TCP1,TCP1,ortholog_one2one,1
TCP11L1,TCP11L1,ortholog_one2one,1
TCP11L2,TCP11L2,ortholog_one2one,1
TDG,TDG,ortholog_one2one,1
TDO2,TDO2,ortholog_one2one,1
TDRD3,TDRD3,ortholog_one2one,1
TDRD7,TDRD7,ortholog_one2one,1
TDRKH,TDRKH,ortholog_one2one,1
TDRP,TDRP,ortholog_one2one,1
TEAD1,TEAD1,ortholog_one2one,1
TEC,TEC,ortholog_one2one,1
TECPR1,TECPR1,ortholog_one2one,1
TECPR2,TECPR2,ortholog_one2one,1
TECR,TECR,ortholog_one2one,1
TEFM,TEFM,ortholog_one2one,1
TEK,TEK,ortholog_one2one,1
TEKT2,TEKT2,ortholog_one2one,1
TEKT3,TEKT3,ortholog_one2one,1
TEKT4,TEKT4,ortholog_one2many,1
TEKT4,MAFIP,ortholog_one2many,0
TEKT5,TEKT5,ortholog_one2one,1
TELO2,TELO2,ortholog_one2one,1
TENM2,TENM2,ortholog_one2one,1
TENM3,TENM3,ortholog_one2one,1
TENM4,TENM4,ortholog_one2one,1
TEP1,TEP1,ortholog_one2one,1
TERF2IP,TERF2IP,ortholog_one2one,1
TES,TES,ortholog_one2many,1
TESC,TESC,ortholog_one2many,1
TESK1,TESK1,ortholog_one2one,1
TEX10,TEX10,ortholog_one2one,1
TEX2,TEX2,ortholog_one2one,1
TEX264,TEX264,ortholog_one2one,1
TEX30,TEX30,ortholog_one2one,1
TFB1M,TFB1M,ortholog_one2one,1
TFCP2,TFCP2,ortholog_one2one,1
TFCP2L1,TFCP2L1,ortholog_one2one,1
TFDP1,TFDP1,ortholog_one2one,1
TFIP11,TFIP11,ortholog_one2one,1
TFR2,TFR2,ortholog_one2one,1
TGFB1I1,TGFB1I1,ortholog_one2one,1
TGFBR2,TGFBR2,ortholog_one2one,1
TGFBRAP1,TGFBRAP1,ortholog_one2one,1
TGM1,TGM1,ortholog_one2one,1
TGM2,TGM2,ortholog_one2one,1
TH,TH,ortholog_one2one,1
THADA,THADA,ortholog_one2one,1
THAP11,THAP11,ortholog_one2one,1
THAP4,THAP4,ortholog_one2one,1
THBD,THBD,ortholog_one2one,1
THBS1,THBS1,ortholog_one2one,1
THBS4,THBS4,ortholog_one2one,1
THEM4,THEM4,ortholog_one2one,1
THEM6,THEM6,ortholog_one2one,1
THEMIS2,THEMIS2,ortholog_one2one,1
THNSL1,THNSL1,ortholog_one2one,1
THNSL2,THNSL2,ortholog_one2one,1
THOC1,THOC1,ortholog_one2one,1
THOC2,THOC2,ortholog_one2many,1
THOC3,THOC3,ortholog_one2one,1
THOC5,THOC5,ortholog_one2one,1
THOC6,THOC6,ortholog_one2one,1
THOC7,THOC7,ortholog_one2one,1
THOP1,THOP1,ortholog_one2one,1
THRSP,THRSP,ortholog_one2one,1
THUMPD1,THUMPD1,ortholog_one2one,1
THUMPD2,THUMPD2,ortholog_one2one,1
THUMPD3,THUMPD3,ortholog_one2one,1
THY1,THY1,ortholog_one2one,1
THYN1,THYN1,ortholog_one2one,1
TIAM1,TIAM1,ortholog_one2one,1
TIAM2,TIAM2,ortholog_one2one,1
TIE1,TIE1,ortholog_one2one,1
TIGAR,TIGAR,ortholog_one2one,1
TIMM13,TIMM13,ortholog_one2one,1
TIMM17B,TIMM17B,ortholog_one2one,1
TIMM22,TIMM22,ortholog_one2one,1
TIMM44,TIMM44,ortholog_one2one,1
TIMM50,TIMM50,ortholog_one2one,1
TIMP3,TIMP3,ortholog_one2one,1
TINAG,TINAG,ortholog_one2one,1
TINAGL1,TINAGL1,ortholog_one2one,1
TINF2,TINF2,ortholog_one2one,1
TIPRL,TIPRL,ortholog_one2one,1
TJAP1,TJAP1,ortholog_one2one,1
TJP1,TJP1,ortholog_one2one,1
TJP2,TJP2,ortholog_one2one,1
TK1,TK1,ortholog_one2one,1
TK2,TK2,ortholog_one2one,1
TKT,TKT,ortholog_one2one,1
TKTL2,TKTL2,ortholog_one2one,1
TLE1,TLE1,ortholog_one2one,1
TLE3,TLE3,ortholog_one2one,1
TLK1,TLK1,ortholog_one2one,1
TLK2,TLK2,ortholog_one2one,1
TLN1,TLN1,ortholog_one2one,1
TLN2,TLN2,ortholog_one2one,1
TLR3,TLR3,ortholog_one2one,1
TLR7,TLR7,ortholog_one2one,1
TM2D3,TM2D3,ortholog_one2one,1
TM4SF1,TM4SF1,ortholog_one2one,1
TM7SF2,TM7SF2,ortholog_one2one,1
TM9SF1,TM9SF1,ortholog_one2one,1
TM9SF2,TM9SF2,ortholog_one2one,1
TM9SF3,TM9SF3,ortholog_one2one,1
TM9SF4,TM9SF4,ortholog_one2one,1
TMA16,TMA16,ortholog_one2one,1
TMC5,TMC5,ortholog_one2one,1
TMCC1,TMCC1,ortholog_one2one,1
TMCC2,TMCC2,ortholog_one2one,1
TMCC3,TMCC3,ortholog_one2one,1
TMED2,TMED2,ortholog_one2one,1
TMED3,TMED3,ortholog_one2one,1
TMED4,TMED4,ortholog_one2one,1
TMED7,TMED7,ortholog_one2one,1
TMED8,TMED8,ortholog_one2one,1
TMEM11,TMEM11,ortholog_one2one,1
TMEM115,TMEM115,ortholog_one2one,1
TMEM116,TMEM116,ortholog_one2one,1
TMEM119,TMEM119,ortholog_one2one,1
TMEM120A,TMEM120A,ortholog_one2one,1
TMEM120B,TMEM120B,ortholog_one2one,1
TMEM126B,TMEM126B,ortholog_one2one,1
TMEM128,TMEM128,ortholog_one2one,1
TMEM129,TMEM129,ortholog_one2one,1
TMEM132A,TMEM132A,ortholog_one2one,1
TMEM132B,TMEM132B,ortholog_one2one,1
TMEM135,TMEM135,ortholog_one2one,1
TMEM141,TMEM141,ortholog_one2one,1
TMEM147,TMEM147,ortholog_one2one,1
TMEM151A,TMEM151A,ortholog_one2one,1
TMEM175,TMEM175,ortholog_one2one,1
TMEM176A,TMEM176A,ortholog_one2one,1
TMEM179,TMEM179,ortholog_one2one,1
TMEM186,TMEM186,ortholog_one2one,1
TMEM200C,TMEM200C,ortholog_one2one,1
TMEM201,TMEM201,ortholog_one2one,1
TMEM204,TMEM204,ortholog_one2one,1
TMEM209,TMEM209,ortholog_one2one,1
TMEM214,TMEM214,ortholog_one2one,1
TMEM220,TMEM220,ortholog_one2one,1
TMEM231,TMEM231,ortholog_one2one,1
TMEM30A,TMEM30A,ortholog_one2one,1
TMEM33,TMEM33,ortholog_one2one,1
TMEM38B,TMEM38B,ortholog_one2one,1
TMEM39B,TMEM39B,ortholog_one2one,1
TMEM40,TMEM40,ortholog_one2one,1
TMEM44,TMEM44,ortholog_one2one,1
TMEM53,TMEM53,ortholog_one2one,1
TMEM62,TMEM62,ortholog_one2one,1
TMEM63A,TMEM63A,ortholog_one2one,1
TMEM63C,TMEM63C,ortholog_one2one,1
TMEM72,TMEM72,ortholog_one2one,1
TMEM79,TMEM79,ortholog_one2one,1
TMF1,TMF1,ortholog_one2one,1
TMOD4,TMOD4,ortholog_one2one,1
TMPO,TMPO,ortholog_one2one,0
TMTC2,TMTC2,ortholog_one2one,1
TMX1,TMX1,ortholog_one2one,1
TMX2,TMX2,ortholog_one2one,1
TMX4,TMX4,ortholog_one2one,1
TNFAIP3,TNFAIP3,ortholog_one2one,1
TNFAIP8,TNFAIP8,ortholog_one2one,1
TNFAIP8L1,TNFAIP8L1,ortholog_one2one,1
TNFAIP8L2,TNFAIP8L2,ortholog_one2one,1
TNFAIP8L3,TNFAIP8L3,ortholog_one2one,1
TNFRSF21,TNFRSF21,ortholog_one2one,1
TNFSF8,TNFSF8,ortholog_one2one,1
TNIK,TNIK,ortholog_one2one,1
TNIP1,TNIP1,ortholog_one2one,1
TNIP2,TNIP2,ortholog_one2one,1
TNK2,TNK2,ortholog_one2one,1
TNKS,TNKS,ortholog_one2one,1
TNKS1BP1,TNKS1BP1,ortholog_one2one,1
TNNC1,TNNC1,ortholog_one2one,1
TNNC2,TNNC2,ortholog_one2one,1
TNNI1,TNNI1,ortholog_one2one,1
TNNI2,TNNI2,ortholog_one2one,1
TNNI3K,TNNI3K,ortholog_one2one,1
TNPO1,TNPO1,ortholog_one2one,1
TNPO2,TNPO2,ortholog_one2one,1
TNPO3,TNPO3,ortholog_one2one,1
TNRC6B,TNRC6B,ortholog_one2one,1
TNS1,TNS1,ortholog_one2one,1
TNS3,TNS3,ortholog_one2one,1
TOE1,TOE1,ortholog_one2one,1
TOLLIP,TOLLIP,ortholog_one2one,1
TOM1L1,TOM1L1,ortholog_one2one,1
TOMM34,TOMM34,ortholog_one2one,1
TOMM40,TOMM40,ortholog_one2one,1
TOMM40L,TOMM40L,ortholog_one2one,1
TOMM70A,TOMM70,ortholog_one2one,1
TOP1,TOP1,ortholog_one2one,1
TOP1MT,TOP1MT,ortholog_one2one,1
TOP2A,TOP2A,ortholog_one2one,1
TOP2B,TOP2B,ortholog_one2one,1
TOP3B,TOP3B,ortholog_one2one,1
TOPBP1,TOPBP1,ortholog_one2one,1
TOR1AIP1,TOR1AIP1,ortholog_one2one,1
TOR1AIP2,TOR1AIP2,ortholog_one2one,1
TOR3A,TOR3A,ortholog_one2one,1
TOX4,TOX4,ortholog_one2one,1
TPBG,TPBG,ortholog_one2one,1
TPD52L1,TPD52L1,ortholog_one2one,1
TPD52L2,TPD52L2,ortholog_one2one,1
TPGS1,TPGS1,ortholog_one2one,1
TPH2,TPH2,ortholog_one2one,1
TPI1,TPI1,ortholog_one2one,1
TPK1,TPK1,ortholog_one2one,1
TPM1,TPM1,ortholog_one2one,1
TPM2,TPM2,ortholog_one2one,1
TPM3,TPM3,ortholog_one2one,1
TPM4,TPM4,ortholog_one2one,1
TPMT,TPMT,ortholog_one2one,1
TPP2,TPP2,ortholog_one2one,1
TPPP,TPPP,ortholog_one2one,1
TPPP3,TPPP3,ortholog_one2one,1
TPR,TPR,ortholog_one2one,1
TPRA1,TPRA1,ortholog_one2one,1
TPRG1L,TPRG1L,ortholog_one2one,1
TPRKB,TPRKB,ortholog_one2one,1
TPRN,TPRN,ortholog_one2one,1
TRA2A,TRA2A,ortholog_one2one,1
TRABD,TRABD,ortholog_one2one,1
TRADD,TRADD,ortholog_one2one,1
TRAF2,TRAF2,ortholog_one2one,1
TRAF3,TRAF3,ortholog_one2one,1
TRAF3IP2,TRAF3IP2,ortholog_one2one,1
TRAF3IP3,TRAF3IP3,ortholog_one2one,1
TRAF6,TRAF6,ortholog_one2one,1
TRAF7,TRAF7,ortholog_one2one,1
TRAFD1,TRAFD1,ortholog_one2one,1
TRAK1,TRAK1,ortholog_one2one,1
TRAK2,TRAK2,ortholog_one2one,1
TRAP1,TRAP1,ortholog_one2one,1
TRAPPC1,TRAPPC1,ortholog_one2one,1
TRAPPC10,TRAPPC10,ortholog_one2one,1
TRAPPC11,TRAPPC11,ortholog_one2one,1
TRAPPC12,TRAPPC12,ortholog_one2one,1
TRAPPC13,TRAPPC13,ortholog_one2one,1
TRAPPC2L,TRAPPC2L,ortholog_one2one,1
TRAPPC4,TRAPPC4,ortholog_one2one,1
TRAPPC6B,TRAPPC6B,ortholog_one2one,1
TRAPPC8,TRAPPC8,ortholog_one2one,1
TRAPPC9,TRAPPC9,ortholog_one2one,1
TREM2,TREM2,ortholog_one2one,1
TREML1,TREML1,ortholog_one2one,1
TRERF1,TRERF1,ortholog_one2one,1
TREX1,TREX1,ortholog_one2one,1
TRIM10,TRIM10,ortholog_one2one,1
TRIM14,TRIM14,ortholog_one2one,1
TRIM16,TRIM16,ortholog_one2one,1
TRIM2,TRIM2,ortholog_one2one,1
TRIM21,TRIM21,ortholog_one2one,1
TRIM25,TRIM25,ortholog_one2one,1
TRIM28,TRIM28,ortholog_one2one,1
TRIM3,TRIM3,ortholog_one2one,1
TRIM30A,TRIM5,ortholog_one2many,0
TRIM32,TRIM32,ortholog_one2one,1
TRIM33,TRIM33,ortholog_one2one,1
TRIM34A,TRIM34,ortholog_one2many,1
TRIM35,TRIM35,ortholog_one2one,1
TRIM36,TRIM36,ortholog_one2one,1
TRIM46,TRIM46,ortholog_one2one,1
TRIM47,TRIM47,ortholog_one2one,1
TRIM5,TRIM5,ortholog_one2many,1
TRIM54,TRIM54,ortholog_one2one,1
TRIM55,TRIM55,ortholog_one2one,1
TRIM56,TRIM56,ortholog_one2one,1
TRIM59,TRIM59,ortholog_one2one,1
TRIM63,TRIM63,ortholog_one2one,1
TRIM65,TRIM65,ortholog_one2one,1
TRIM67,TRIM67,ortholog_one2one,1
TRIM7,TRIM7,ortholog_one2one,1
TRIM72,TRIM72,ortholog_one2one,1
TRIM9,TRIM9,ortholog_one2one,1
TRIO,TRIO,ortholog_one2one,1
TRIOBP,TRIOBP,ortholog_one2one,1
TRIP10,TRIP10,ortholog_one2one,1
TRIP11,TRIP11,ortholog_one2one,1
TRIP12,TRIP12,ortholog_one2one,1
TRIP13,TRIP13,ortholog_one2one,1
TRIP4,TRIP4,ortholog_one2one,1
TRIP6,TRIP6,ortholog_one2one,1
TRIT1,TRIT1,ortholog_one2one,1
TRMT1,TRMT1,ortholog_one2one,1
TRMT10C,TRMT10C,ortholog_one2one,1
TRMT11,TRMT11,ortholog_one2one,1
TRMT112,TRMT112,ortholog_one2one,1
TRMT2A,TRMT2A,ortholog_one2one,1
TRMT5,TRMT5,ortholog_one2one,1
TRMT6,TRMT6,ortholog_one2one,1
TRMT61A,TRMT61A,ortholog_one2one,1
TRMU,TRMU,ortholog_one2one,1
TRNT1,TRNT1,ortholog_one2one,1
TRPC3,TRPC3,ortholog_one2one,1
TRPM1,TRPM1,ortholog_one2one,1
TRPM3,TRPM3,ortholog_one2one,1
TRPM4,TRPM4,ortholog_one2one,1
TRPM7,TRPM7,ortholog_one2one,1
TRPS1,TRPS1,ortholog_one2one,1
TRPV2,TRPV2,ortholog_one2one,1
TRPV4,TRPV4,ortholog_one2one,1
TRRAP,TRRAP,ortholog_one2one,1
TRUB1,TRUB1,ortholog_one2one,1
TRUB2,TRUB2,ortholog_one2one,1
TSC1,TSC1,ortholog_one2one,1
TSC2,TSC2,ortholog_one2one,1
TSC22D1,TSC22D1,ortholog_one2one,1
TSC22D2,TSC22D2,ortholog_one2one,1
TSC22D4,SPACDR,ortholog_one2one,0
TSC22D4,TSC22D4,ortholog_one2many,1
TSEN15,TSEN15,ortholog_one2one,1
TSEN34,TSEN34,ortholog_one2one,1
TSEN54,TSEN54,ortholog_one2one,1
TSFM,TSFM,ortholog_one2one,1
TSGA10,TSGA10,ortholog_one2one,1
TSHR,TSHR,ortholog_one2one,1
TSN,TSN,ortholog_one2one,1
TSNAX,TSNAX,ortholog_one2one,1
TSPAN14,TSPAN14,ortholog_one2one,1
TSPAN2,TSPAN2,ortholog_one2one,1
TSPAN4,TSPAN4,ortholog_one2one,1
TSPAN8,TSPAN8,ortholog_one2one,1
TSPEAR,TSPEAR,ortholog_one2one,1
TSPYL4,TSPYL4,ortholog_one2one,1
TSR1,TSR1,ortholog_one2one,1
TSR2,TSR2,ortholog_one2one,1
TSSC4,TSSC4,ortholog_one2one,1
TSSK2,TSSK2,ortholog_one2one,1
TST,TST,ortholog_one2one,1
TSTD1,TSTD1,ortholog_one2one,1
TTC1,TTC1,ortholog_one2one,1
TTC19,TTC19,ortholog_one2one,1
TTC21B,TTC21B,ortholog_one2one,1
TTC27,TTC27,ortholog_one2one,1
TTC28,TTC28,ortholog_one2one,1
TTC3,TTC3,ortholog_one2one,1
TTC33,TTC33,ortholog_one2one,1
TTC36,TTC36,ortholog_one2one,1
TTC38,TTC38,ortholog_one2one,1
TTC39B,TTC39B,ortholog_one2one,1
TTC39C,TTC39C,ortholog_one2one,1
TTC4,TTC4,ortholog_one2one,1
TTC5,TTC5,ortholog_one2one,1
TTC7B,TTC7B,ortholog_one2one,1
TTC9,TTC9,ortholog_one2one,1
TTF1,TTF1,ortholog_one2one,0
TTI2,TTI2,ortholog_one2one,1
TTL,TTL,ortholog_one2one,1
TTLL12,TTLL12,ortholog_one2one,1
TTN,TTN,ortholog_one2one,1
TTPA,TTPA,ortholog_one2one,1
TTPAL,TTPAL,ortholog_one2one,1
TTR,TTR,ortholog_one2one,1
TUBA1A,TUBA1A,ortholog_one2one,1
TUBA1C,TUBA1C,ortholog_one2one,1
TUBA4A,TUBA4A,ortholog_one2one,1
TUBA8,TUBA8,ortholog_one2one,1
TUBB1,TUBB1,ortholog_one2one,1
TUBB4B,TUBB4B,ortholog_one2one,1
TUBB6,TUBB6,ortholog_one2one,1
TUBG2,TUBG2,ortholog_one2one,1
TUBGCP2,TUBGCP2,ortholog_one2one,1
TUBGCP3,TUBGCP3,ortholog_one2one,1
TUBGCP4,TUBGCP4,ortholog_one2one,1
TUBGCP6,TUBGCP6,ortholog_one2one,1
TUFM,TUFM,ortholog_one2one,1
TUFT1,TUFT1,ortholog_one2one,1
TUSC3,TUSC3,ortholog_one2one,1
TUT1,TUT1,ortholog_one2one,1
TWF1,TWF1,ortholog_one2one,1
TWF2,TWF2,ortholog_one2one,1
TXLNA,TXLNA,ortholog_one2one,1
TXLNB,TXLNB,ortholog_one2one,1
TXLNG,TXLNG,ortholog_one2one,1
TXNDC5,TXNDC5,ortholog_one2one,1
TXNDC9,TXNDC9,ortholog_one2one,1
TXNIP,TXNIP,ortholog_one2one,1
TXNL4A,TXNL4A,ortholog_one2one,1
TXNL4B,TXNL4B,ortholog_one2one,1
TXNRD1,TXNRD1,ortholog_one2one,1
TXNRD2,TXNRD2,ortholog_one2one,1
TXNRD3,TXNRD3,ortholog_one2one,1
TYK2,TYK2,ortholog_one2one,1
TYMS,TYMS,ortholog_one2one,1
TYSND1,TYSND1,ortholog_one2one,1
TYW1,TYW1,ortholog_one2many,1
TYW1,TYW1B,ortholog_one2many,1
TYW5,TYW5,ortholog_one2one,1
U2AF1,U2AF1,ortholog_one2one,1
U2AF1L4,U2AF1L4,ortholog_one2one,1
U2AF2,U2AF2,ortholog_one2one,1
U2SURP,U2SURP,ortholog_one2one,1
UACA,UACA,ortholog_one2one,1
UAP1,UAP1,ortholog_one2one,1
UAP1L1,UAP1L1,ortholog_one2one,1
UBA1,UBA1,ortholog_one2one,1
UBA2,UBA2,ortholog_one2one,1
UBA3,UBA3,ortholog_one2one,1
UBA5,UBA5,ortholog_one2one,1
UBA52,UBA52,ortholog_one2one,1
UBA6,UBA6,ortholog_one2one,1
UBA7,UBA7,ortholog_one2one,1
UBAC1,UBAC1,ortholog_one2one,1
UBAC2,UBAC2,ortholog_one2one,1
UBAP1,UBAP1,ortholog_one2one,1
UBASH3A,UBASH3A,ortholog_one2one,1
UBASH3B,UBASH3B,ortholog_one2one,1
UBE2B,UBE2B,ortholog_one2one,1
UBE2D3,UBE2D3,ortholog_one2one,1
UBE2E1,UBE2E1,ortholog_one2one,1
UBE2E3,UBE2E3,ortholog_one2one,1
UBE2F,UBE2F,ortholog_one2one,1
UBE2G1,UBE2G1,ortholog_one2one,1
UBE2G2,UBE2G2,ortholog_one2one,1
UBE2I,UBE2I,ortholog_one2one,1
UBE2K,UBE2K,ortholog_one2one,1
UBE2L3,UBE2L3,ortholog_one2many,1
UBE2L3,UBE2L5,ortholog_one2many,0
UBE2M,UBE2M,ortholog_one2one,1
UBE2N,UBE2N,ortholog_one2one,1
UBE2O,UBE2O,ortholog_one2one,1
UBE2Q1,UBE2Q1,ortholog_one2one,1
UBE2R2,UBE2R2,ortholog_one2one,1
UBE2S,UBE2S,ortholog_one2many,1
UBE2T,UBE2T,ortholog_one2one,1
UBE2V1,UBE2V1,ortholog_one2one,1
UBE2V2,UBE2V2,ortholog_one2one,1
UBE2Z,UBE2Z,ortholog_one2one,1
UBE3A,UBE3A,ortholog_one2one,1
UBE3B,UBE3B,ortholog_one2one,1
UBE3C,UBE3C,ortholog_one2one,1
UBE4A,UBE4A,ortholog_one2one,1
UBE4B,UBE4B,ortholog_one2one,1
UBL4A,UBL4A,ortholog_one2one,1
UBL5,UBL5,ortholog_one2one,1
UBL7,UBL7,ortholog_one2one,1
UBN1,UBN1,ortholog_one2one,1
UBN2,UBN2,ortholog_one2one,1
UBP1,UBP1,ortholog_one2one,1
UBR1,UBR1,ortholog_one2one,1
UBR2,UBR2,ortholog_one2one,1
UBR3,UBR3,ortholog_one2one,1
UBR4,UBR4,ortholog_one2one,1
UBR5,UBR5,ortholog_one2one,1
UBR7,UBR7,ortholog_one2one,1
UBTF,UBTF,ortholog_one2one,1
UBXN1,UBXN1,ortholog_one2one,1
UBXN2A,UBXN2A,ortholog_one2one,1
UBXN4,UBXN4,ortholog_one2one,1
UBXN6,UBXN6,ortholog_one2one,1
UBXN7,UBXN7,ortholog_one2one,1
UCHL1,UCHL1,ortholog_one2one,1
UCHL3,UCHL3,ortholog_one2many,1
UCHL5,UCHL5,ortholog_one2one,1
UCK1,UCK1,ortholog_one2one,1
UCKL1,UCKL1,ortholog_one2one,1
UCP1,UCP1,ortholog_one2one,1
UCP3,UCP3,ortholog_one2one,1
UEVLD,UEVLD,ortholog_one2one,1
UFC1,UFC1,ortholog_one2one,1
UFL1,UFL1,ortholog_one2one,1
UFSP1,UFSP1,ortholog_one2one,1
UFSP2,UFSP2,ortholog_one2one,1
UGDH,UGDH,ortholog_one2one,1
UGGT1,UGGT1,ortholog_one2one,1
UGGT2,UGGT2,ortholog_one2one,1
UGP2,UGP2,ortholog_one2one,1
UGT1A1,UGT1A1,ortholog_one2one,1
UGT1A2,UGT1A3,ortholog_many2many,1
UGT1A2,UGT1A4,ortholog_many2many,1
UGT1A2,UGT1A5,ortholog_many2many,1
UGT1A7C,UGT1A10,ortholog_many2many,1
UGT1A7C,UGT1A7,ortholog_many2many,1
UGT1A7C,UGT1A8,ortholog_many2many,1
UGT1A7C,UGT1A9,ortholog_many2many,1
UGT2A3,UGT2A3,ortholog_one2one,0
UGT3A1,UGT3A2,ortholog_one2many,1
UHRF1,UHRF1,ortholog_one2one,1
UHRF2,UHRF2,ortholog_one2one,1
UIMC1,UIMC1,ortholog_one2one,1
ULK1,ULK1,ortholog_one2one,1
ULK2,ULK2,ortholog_one2one,1
ULK3,ULK3,ortholog_one2one,1
UMOD,UMOD,ortholog_one2one,1
UMPS,UMPS,ortholog_one2one,1
UNC119,UNC119,ortholog_one2one,1
UNC119B,UNC119B,ortholog_one2one,1
UNC13A,UNC13A,ortholog_one2one,1
UNC13D,UNC13D,ortholog_one2one,1
UNC45A,UNC45A,ortholog_one2one,1
UNC45B,UNC45B,ortholog_one2one,1
UNC5A,UNC5A,ortholog_one2one,1
UNC5B,UNC5B,ortholog_one2one,1
UNC5C,UNC5C,ortholog_one2one,1
UNC5D,UNC5D,ortholog_one2one,1
UNC80,UNC80,ortholog_one2one,1
UNC93B1,UNC93B1,ortholog_one2one,1
UNK,UNK,ortholog_one2one,1
UPB1,UPB1,ortholog_one2one,1
UPF1,UPF1,ortholog_one2one,1
UPF2,UPF2,ortholog_one2one,1
UPF3B,UPF3B,ortholog_one2one,1
UPP1,UPP1,ortholog_one2one,1
UPP2,UPP2,ortholog_one2one,1
UPRT,UPRT,ortholog_one2one,1
UQCC1,UQCC1,ortholog_one2one,1
UQCC2,UQCC2,ortholog_one2one,1
UQCRC1,UQCRC1,ortholog_one2one,1
UQCRC2,UQCRC2,ortholog_one2one,1
UQCRH,UQCRH,ortholog_one2many,1
UQCRH,UQCRHL,ortholog_one2many,0
URAH,URAD,ortholog_one2one,0
URB1,URB1,ortholog_one2one,1
URB2,URB2,ortholog_one2one,1
URGCP,URGCP,ortholog_one2one,1
URI1,URI1,ortholog_one2one,1
UROC1,UROC1,ortholog_one2one,1
UROD,UROD,ortholog_one2one,1
UROS,UROS,ortholog_one2one,1
USE1,USE1,ortholog_one2one,1
USF1,USF1,ortholog_one2one,1
USF2,USF2,ortholog_one2one,1
USH1C,USH1C,ortholog_one2one,1
USHBP1,USHBP1,ortholog_one2one,1
USO1,USO1,ortholog_one2one,1
USP10,USP10,ortholog_one2one,1
USP11,USP11,ortholog_one2one,1
USP12,USP12,ortholog_one2one,1
USP14,USP14,ortholog_one2one,1
USP15,USP15,ortholog_one2one,1
USP16,USP16,ortholog_one2one,1
USP19,USP19,ortholog_one2one,1
USP20,USP20,ortholog_one2one,1
USP21,USP21,ortholog_one2one,1
USP22,USP22,ortholog_one2one,1
USP24,USP24,ortholog_one2one,1
USP25,USP25,ortholog_one2one,1
USP28,USP28,ortholog_one2one,1
USP3,USP3,ortholog_one2one,1
USP30,USP30,ortholog_one2one,1
USP32,USP32,ortholog_one2many,1
USP32,USP6,ortholog_one2many,0
USP33,USP33,ortholog_one2one,1
USP34,USP34,ortholog_one2one,1
USP35,USP35,ortholog_one2one,1
USP36,USP36,ortholog_one2one,1
USP38,USP38,ortholog_one2one,1
USP39,USP39,ortholog_one2one,1
USP4,USP4,ortholog_one2one,1
USP46,USP46,ortholog_one2one,1
USP47,USP47,ortholog_one2one,1
USP48,USP48,ortholog_one2one,1
USP5,USP5,ortholog_one2one,1
USP54,USP54,ortholog_one2one,1
USP7,USP7,ortholog_one2one,1
USP8,USP8,ortholog_one2one,1
USP9X,USP9X,ortholog_one2one,1
UTP18,UTP18,ortholog_one2one,1
UTP20,UTP20,ortholog_one2one,1
UTP23,UTP23,ortholog_one2one,1
UTP6,UTP6,ortholog_one2one,1
UTRN,UTRN,ortholog_one2one,1
UVRAG,UVRAG,ortholog_one2one,1
V1RA8,VN1R5,ortholog_one2many,0
VAC14,VAC14,ortholog_one2one,1
VAPA,VAPA,ortholog_one2one,1
VAPB,VAPB,ortholog_one2one,1
VARS2,VARS2,ortholog_one2one,1
VASN,VASN,ortholog_one2one,1
VASP,VASP,ortholog_one2one,1
VAT1,VAT1,ortholog_one2one,1
VAT1L,VAT1L,ortholog_one2one,1
VAV1,VAV1,ortholog_one2one,1
VAV2,VAV2,ortholog_one2one,1
VBP1,VBP1,ortholog_one2one,1
VCAM1,VCAM1,ortholog_one2one,1
VCAN,VCAN,ortholog_one2one,1
VCL,VCL,ortholog_one2one,1
VCP,VCP,ortholog_one2one,1
VCPIP1,VCPIP1,ortholog_one2one,1
VDAC1,VDAC1,ortholog_one2one,1
VDAC2,VDAC2,ortholog_one2one,1
VDAC3,VDAC3,ortholog_one2one,1
VEZF1,VEZF1,ortholog_one2one,1
VEZT,VEZT,ortholog_one2one,1
VHL,VHL,ortholog_one2one,1
VIL1,VIL1,ortholog_one2one,1
VILL,VILL,ortholog_one2one,1
VIM,VIM,ortholog_one2one,1
VKORC1L1,VKORC1L1,ortholog_one2one,1
VLDLR,VLDLR,ortholog_one2one,1
VNN1,VNN1,ortholog_one2one,1
VPS11,VPS11,ortholog_one2one,1
VPS13A,VPS13A,ortholog_one2one,1
VPS13C,VPS13C,ortholog_one2one,1
VPS13D,VPS13D,ortholog_one2one,1
VPS16,VPS16,ortholog_one2one,1
VPS18,VPS18,ortholog_one2one,1
VPS28,VPS28,ortholog_one2one,1
VPS29,VPS29,ortholog_one2one,1
VPS33A,VPS33A,ortholog_one2one,1
VPS33B,VPS33B,ortholog_one2one,1
VPS35,VPS35,ortholog_one2one,1
VPS36,VPS36,ortholog_one2one,1
VPS39,VPS39,ortholog_one2one,1
VPS41,VPS41,ortholog_one2one,1
VPS4A,VPS4A,ortholog_one2one,1
VPS4B,VPS4B,ortholog_one2one,1
VPS51,VPS51,ortholog_one2one,1
VPS52,VPS52,ortholog_one2one,1
VPS53,VPS53,ortholog_one2one,1
VPS54,VPS54,ortholog_one2one,1
VPS8,VPS8,ortholog_one2one,1
VRK1,VRK1,ortholog_one2one,1
VRK2,VRK2,ortholog_one2one,1
VRK3,VRK3,ortholog_one2one,1
VSNL1,VSNL1,ortholog_one2one,1
VTA1,VTA1,ortholog_one2one,1
VTN,VTN,ortholog_one2one,1
VWA5A,VWA5A,ortholog_one2many,0
VWA5B1,VWA5B1,ortholog_one2one,1
VWA8,VWA8,ortholog_one2one,1
VWF,VWF,ortholog_one2one,1
WAC,WAC,ortholog_one2one,1
WAS,WAS,ortholog_one2one,1
WASF1,WASF1,ortholog_one2one,1
WASF2,WASF2,ortholog_one2one,1
WASL,WASL,ortholog_one2one,1
WBP4,WBP4,ortholog_one2one,1
WDFY2,WDFY2,ortholog_one2one,1
WDFY3,WDFY3,ortholog_one2one,1
WDFY4,WDFY4,ortholog_one2one,1
WDHD1,WDHD1,ortholog_one2one,1
WDR1,WDR1,ortholog_one2one,1
WDR11,WDR11,ortholog_one2one,1
WDR12,WDR12,ortholog_one2one,1
WDR13,WDR13,ortholog_one2one,1
WDR17,WDR17,ortholog_one2one,1
WDR18,WDR18,ortholog_one2one,1
WDR19,WDR19,ortholog_one2one,1
WDR20,WDR20,ortholog_one2many,1
WDR24,WDR24,ortholog_one2one,1
WDR26,WDR26,ortholog_one2one,1
WDR3,WDR3,ortholog_one2one,1
WDR33,WDR33,ortholog_one2one,1
WDR35,WDR35,ortholog_one2one,1
WDR36,WDR36,ortholog_one2one,1
WDR37,WDR37,ortholog_one2one,1
WDR4,WDR4,ortholog_one2one,1
WDR41,WDR41,ortholog_one2one,1
WDR43,WDR43,ortholog_one2one,1
WDR44,WDR44,ortholog_one2one,1
WDR45,WDR45,ortholog_one2one,1
WDR45B,WDR45B,ortholog_one2one,1
WDR46,WDR46,ortholog_one2one,1
WDR47,WDR47,ortholog_one2one,1
WDR48,WDR48,ortholog_one2one,1
WDR5,WDR5,ortholog_one2one,1
WDR54,WDR54,ortholog_one2one,1
WDR59,WDR59,ortholog_one2one,1
WDR6,WDR6,ortholog_one2one,1
WDR7,WDR7,ortholog_one2one,1
WDR70,WDR70,ortholog_one2one,1
WDR72,WDR72,ortholog_one2one,1
WDR73,WDR73,ortholog_one2one,1
WDR74,WDR74,ortholog_one2one,1
WDR75,WDR75,ortholog_one2one,1
WDR76,WDR76,ortholog_one2one,1
WDR77,WDR77,ortholog_one2one,1
WDR81,WDR81,ortholog_one2one,1
WDR82,WDR82,ortholog_one2one,1
WDR83,WDR83,ortholog_one2one,1
WDR91,WDR91,ortholog_one2one,1
WDSUB1,WDSUB1,ortholog_one2one,1
WDTC1,WDTC1,ortholog_one2one,1
WFS1,WFS1,ortholog_one2one,1
WHAMM,WHAMM,ortholog_one2one,1
WIPF2,WIPF2,ortholog_one2one,1
WIPF3,WIPF3,ortholog_one2one,1
WIPI1,WIPI1,ortholog_one2one,1
WIPI2,WIPI2,ortholog_one2one,1
WNK1,WNK1,ortholog_one2one,1
WNK2,WNK2,ortholog_one2one,1
WNK3,WNK3,ortholog_one2one,1
WNK4,WNK4,ortholog_one2one,1
WRAP73,WRAP73,ortholog_one2one,1
WRN,WRN,ortholog_one2one,1
WSB2,WSB2,ortholog_one2one,1
WTAP,WTAP,ortholog_one2one,1
WTIP,WTIP,ortholog_one2one,1
WWC1,WWC1,ortholog_one2one,1
WWC2,WWC2,ortholog_one2one,1
WWOX,WWOX,ortholog_one2one,1
WWP1,WWP1,ortholog_one2one,1
WWP2,WWP2,ortholog_one2one,1
WWTR1,WWTR1,ortholog_one2one,1
XAB2,XAB2,ortholog_one2one,1
XAF1,XAF1,ortholog_one2one,0
XDH,XDH,ortholog_one2one,1
XIRP1,XIRP1,ortholog_one2one,1
XIRP2,XIRP2,ortholog_one2one,1
XKR4,XKR4,ortholog_one2one,1
XPC,XPC,ortholog_one2one,1
XPNPEP1,XPNPEP1,ortholog_one2one,1
XPNPEP3,XPNPEP3,ortholog_one2one,1
XPO1,XPO1,ortholog_one2one,1
XPO4,XPO4,ortholog_one2one,1
XPO5,XPO5,ortholog_one2one,1
XPO6,XPO6,ortholog_one2one,1
XPO7,XPO7,ortholog_one2one,1
XPOT,XPOT,ortholog_one2one,1
XPR1,XPR1,ortholog_one2one,1
XRCC1,XRCC1,ortholog_one2one,1
XRCC5,XRCC5,ortholog_one2one,1
XRN1,XRN1,ortholog_one2one,1
XRN2,XRN2,ortholog_one2one,1
XYLB,XYLB,ortholog_one2one,1
YAF2,YAF2,ortholog_one2one,1
YARS2,YARS2,ortholog_one2one,1
YDJC,YDJC,ortholog_one2one,1
YES1,YES1,ortholog_one2one,1
YIPF4,YIPF4,ortholog_one2one,1
YIPF5,YIPF5,ortholog_one2one,1
YJEFN3,YJEFN3,ortholog_one2one,1
YKT6,YKT6,ortholog_one2one,1
YME1L1,YME1L1,ortholog_one2one,1
YOD1,YOD1,ortholog_one2one,1
YRDC,YRDC,ortholog_one2one,1
YTHDC2,YTHDC2,ortholog_one2one,1
YTHDF1,YTHDF1,ortholog_one2one,1
YTHDF2,YTHDF2,ortholog_one2one,1
YWHAG,YWHAG,ortholog_one2one,1
YWHAH,YWHAH,ortholog_one2one,1
YWHAZ,YWHAZ,ortholog_one2one,1
YY1,YY1,ortholog_one2one,1
ZAP70,ZAP70,ortholog_one2one,1
ZBP1,ZBP1,ortholog_one2one,0
ZBTB1,ZBTB1,ortholog_one2one,1
ZBTB14,ZBTB14,ortholog_one2one,1
ZBTB16,ZBTB16,ortholog_one2one,1
ZBTB18,ZBTB18,ortholog_one2one,1
ZBTB2,ZBTB2,ortholog_one2one,1
ZBTB20,ZBTB20,ortholog_one2one,1
ZBTB7A,ZBTB7A,ortholog_one2one,1
ZBTB8B,ZBTB8B,ortholog_one2one,1
ZC2HC1A,ZC2HC1A,ortholog_one2one,1
ZC3H11A,ZC3H11A,ortholog_one2many,1
ZC3H11A,ZC3H11B,ortholog_one2many,1
ZC3H11A,ZC3H11C,ortholog_one2many,1
ZC3H12D,ZC3H12D,ortholog_one2one,1
ZC3H14,ZC3H14,ortholog_one2one,1
ZC3H15,ZC3H15,ortholog_one2one,1
ZC3H4,ZC3H4,ortholog_one2one,1
ZC3H7A,ZC3H7A,ortholog_one2one,1
ZC3H7B,ZC3H7B,ortholog_one2one,1
ZC3HAV1,ZC3HAV1,ortholog_one2one,1
ZC3HC1,ZC3HC1,ortholog_one2one,1
ZCCHC24,ZCCHC24,ortholog_one2one,1
ZCCHC4,ZCCHC4,ortholog_one2one,1
ZCCHC7,ZCCHC7,ortholog_one2one,1
ZCCHC8,ZCCHC8,ortholog_one2one,1
ZDBF2,ZDBF2,ortholog_one2one,0
ZDHHC4,ZDHHC4,ortholog_one2one,1
ZDHHC6,ZDHHC6,ortholog_one2one,1
ZEB1,ZEB1,ortholog_one2one,1
ZEB2,ZEB2,ortholog_one2one,1
ZER1,ZER1,ortholog_one2one,1
ZFAND1,ZFAND1,ortholog_one2one,1
ZFAND5,ZFAND5,ortholog_one2one,1
ZFAND6,ZFAND6,ortholog_one2one,1
ZFC3H1,ZFC3H1,ortholog_one2one,1
ZFP263,ZNF263,ortholog_one2one,1
ZFP36L1,ZFP36L1,ortholog_one2one,1
ZFP36L2,ZFP36L2,ortholog_one2one,1
ZFP41,ZFP41,ortholog_one2one,1
ZFP456,ZNF429,ortholog_one2many,0
ZFP644,ZNF644,ortholog_one2one,1
ZFP655,ZNF655,ortholog_one2one,1
ZFP91,ZFP91,ortholog_one2one,1
ZFP941,ZNF519,ortholog_one2one,0
ZFPL1,ZFPL1,ortholog_one2one,1
ZFR,ZFR,ortholog_one2one,1
ZFR2,ZFR2,ortholog_one2one,1
ZFX,ZFX,ortholog_one2one,1
ZFYVE1,ZFYVE1,ortholog_one2one,1
ZFYVE21,ZFYVE21,ortholog_one2one,1
ZFYVE26,ZFYVE26,ortholog_one2one,1
ZFYVE27,ZFYVE27,ortholog_one2one,1
ZFYVE9,ZFYVE9,ortholog_one2one,1
ZGPAT,ZGPAT,ortholog_one2one,1
ZHX2,ZHX2,ortholog_one2one,1
ZHX3,ZHX3,ortholog_one2one,1
ZIC1,ZIC1,ortholog_one2one,1
ZKSCAN16,ZNF483,ortholog_one2one,1
ZMIZ1,ZMIZ1,ortholog_one2one,1
ZMYM2,ZMYM2,ortholog_one2one,1
ZMYM4,ZMYM4,ortholog_one2one,1
ZMYND10,ZMYND10,ortholog_one2one,1
ZMYND11,ZMYND11,ortholog_one2one,1
ZMYND8,ZMYND8,ortholog_one2one,1
ZNFX1,ZNFX1,ortholog_one2one,1
ZRANB2,ZRANB2,ortholog_one2one,1
ZRANB3,ZRANB3,ortholog_one2one,1
ZSCAN26,ZSCAN26,ortholog_one2one,1
ZSWIM8,ZSWIM8,ortholog_one2one,1
ZW10,ZW10,ortholog_one2one,1
ZWINT,ZWINT,ortholog_one2one,0
ZYG11B,ZYG11B,ortholog_one2one,1
ZYX,ZYX,ortholog_one2one,1
ZZEF1,ZZEF1,ortholog_one2one,1
